imdb_id,title,year,budget,revenue,runtime,vote_average,vote_count,popularity,movielens_id,tmdb_id,genres,director,in_connections,out_connections,tot_connections,connected_movies,0,1
0114709,Toy Story,1995,30.0,373.554033,81,7.7,5415,21.946943,1.0,862.0,Adventure|Animation|Comedy|Fantasy,John Lasseter,934.0,45.0,979.0,0120363|0435761|1850374|2033372|2340678|2446040|3473654|1979376|1016726,-0.6780647048173086,-0.3821364166897702
0113497,Jumanji,1995,65.0,262.797249,104,6.9,2413,17.015539,2.0,8844.0,Adventure|Fantasy,Joe Johnston,154.0,11.0,165.0,2283362|7975244,-0.3484114711159018,0.0316452378702983
0114885,Waiting to Exhale,1995,16.0,81.452156,127,6.1,34,3.859495,4.0,31357.0,Comedy|Drama,Forest Whitaker,53.0,5.0,58.0,N,0.67214806723225,-0.3875322149987495
0113277,Heat,1995,60.0,187.43681799990003,170,7.7,1886,17.924927,6.0,949.0,Action|Thriller,Michael Mann,224.0,19.0,243.0,2229525|0097700,-0.3482274355282309,-0.6929564923673299
0114576,Sudden Death,1995,35.0,64.350171,106,5.5,174,5.23158,9.0,9091.0,Action,Peter Hyams,28.0,6.0,34.0,1080478,0.6086811950255293,-0.1911472261151981
0113189,GoldenEye,1995,58.0,352.194034,130,6.6,1194,14.686035999999998,10.0,710.0,Action|Adventure|Thriller,Martin Campbell,496.0,30.0,526.0,0120347|0143145|0246460|0381061|0830515|1074638|2379713|2382320|0055928|0057076|0058150|0059800|0062512|0064757|0066995|0070328|0071807|0076752|0079574|0082398|0086034|0090264|0093428|0097742,0.1046212967607704,0.7691135951561111
0112346,The American President,1995,62.0,107.879496,106,6.5,199,6.318445,11.0,9087.0,Comedy|Drama,Rob Reiner,38.0,7.0,45.0,N,-0.6375517885288369,-0.4428066391313435
0113987,Nixon,1995,44.0,13.681765,192,7.1,72,5.092,14.0,10858.0,Drama,Oliver Stone,46.0,7.0,53.0,N,0.3344665507653278,0.5012357091329881
0112760,Cutthroat Island,1995,98.0,10.017322,119,5.7,137,7.284477000000001,15.0,1408.0,Action|Adventure,Renny Harlin,42.0,1.0,43.0,N,0.4876114136038064,0.1454905576172732
0112641,Casino,1995,52.0,116.112375,178,7.8,1343,10.137389,16.0,524.0,Drama,Martin Scorsese,201.0,14.0,215.0,N,0.7712130390248191,-0.0484381229607157
0114388,Sense and Sensibility,1995,16.5,135.0,136,7.2,364,10.673167,17.0,4584.0,Drama,Ang Lee,71.0,1.0,72.0,N,0.1622637069988864,-0.7594296305515152
0113101,Four Rooms,1995,4.0,4.300000000000002,98,6.5,539,9.026586,18.0,5.0,Comedy,Allison Anders,31.0,19.0,50.0,N,-0.0631269106473823,0.5285638833793975
0112281,Ace Ventura: When Nature Calls,1995,30.0,212.385533,90,6.1,1128,8.205447999999999,19.0,9273.0,Comedy,Steve Oedekerk,71.0,26.0,97.0,0844029|0109040,-0.2131722056426621,0.5272580508202037
0113845,Money Train,1995,60.0,35.431113,103,5.4,224,7.337905999999999,20.0,11517.0,Action|Comedy|Drama|Thriller,Joseph Ruben,23.0,7.0,30.0,7286966,0.2580093991657613,-0.4279964867670493
0113161,Get Shorty,1995,30.25,115.10162199999999,105,6.4,305,12.669608,21.0,8012.0,Comedy|Thriller,Barry Sonnenfeld,63.0,19.0,82.0,0377471,0.3509850007871285,-0.6461072280828241
0112401,Assassins,1995,50.0,30.303071999999997,132,6.0,394,11.065939,23.0,9691.0,Action|Thriller,Richard Donner,13.0,2.0,15.0,N,0.5251866868171842,-0.5716600427777021
0113627,Leaving Las Vegas,1995,3.6,49.8,112,7.1,365,10.332025,25.0,451.0,Drama,Mike Figgis,97.0,7.0,104.0,N,0.6221505602115989,-0.4704742624851025
0114011,Now and Then,1995,12.0,27.4,100,6.6,91,8.681325,27.0,9263.0,Drama,Lesli Linka Glatter,8.0,13.0,21.0,N,0.2608230637948108,-0.7258802934057338
0112682,The City of Lost Children,1995,18.0,1.7386110000000001,108,7.6,308,9.822422999999999,29.0,902.0,Adventure|Drama|Fantasy|Sci-Fi,Jean-Pierre Jeunet,33.0,18.0,51.0,N,-0.4692215545925655,0.4106661087187144
0114746,Twelve Monkeys,1995,29.5,168.84,129,7.4,2470,12.297305,32.0,63.0,Sci-Fi|Thriller,Terry Gilliam,128.0,21.0,149.0,0056119,0.0518365634338418,-0.7266416633360496
0112431,Babe,1995,30.0,254.13491000000002,89,6.0,756,14.404764000000002,34.0,9598.0,Drama,Chris Noonan,235.0,1.0,236.0,0120595,-0.2803815077268333,-0.2400198423673457
0112818,Dead Man Walking,1995,11.0,39.363634999999995,122,7.3,350,6.891317,36.0,687.0,Drama,Tim Robbins,116.0,2.0,118.0,0321235,0.11772658253713401,0.3715156638450178
0113855,Mortal Kombat,1995,18.0,122.19592,101,5.4,452,10.870138,44.0,9312.0,Action|Adventure|Fantasy,Paul W.S. Anderson,182.0,3.0,185.0,0119707|0170982|0293429,0.6101541859547793,0.011870943639298
0114681,To Die For,1995,20.0,21.284514,106,6.7,177,10.448481,45.0,577.0,Comedy|Drama|Thriller,Gus Van Sant,36.0,20.0,56.0,N,-0.1595304998635567,-0.7235833708786861
0113347,How To Make An American Quilt,1995,10.0,23.57413,116,6.5,38,4.485958,46.0,11861.0,Drama,Jocelyn Moorhouse,8.0,1.0,9.0,N,0.5140898784987986,0.4345404485101934
0114369,Se7en,1995,33.0,327.311859,127,8.1,5915,18.45743,47.0,807.0,Thriller,David Fincher,380.0,29.0,409.0,N,-0.2682819392073601,0.0410310524023938
0114148,Pocahontas,1995,55.0,346.079773,81,6.7,1509,13.280069000000001,48.0,10530.0,Animation|Drama|Musical,Mike Gabriel,348.0,4.0,352.0,0143808,0.1813230567115708,-0.6582331516129435
0114814,The Usual Suspects,1995,6.0,23.341568,106,8.1,3334,16.302466,50.0,629.0,Thriller,Bryan Singer,378.0,18.0,396.0,0454431,-0.7274227731204587,-0.2808012580159287
0113819,Mighty Aphrodite,1995,15.0,6.7,95,6.7,145,15.899134,52.0,11448.0,Comedy|Drama,Woody Allen,24.0,10.0,34.0,N,0.1366777705437953,-0.0951813888880116
0113118,Friday,1995,3.5,28.215918,91,7.0,513,14.56965,69.0,10634.0,Comedy,F. Gary Gray,133.0,8.0,141.0,0195945|0293815|6914708,0.2797980359195054,0.544039383643122
0116367,From Dusk Till Dawn,1996,19.0,25.836616,108,6.9,1644,15.339153,70.0,755.0,Action|Comedy|Horror|Thriller,Robert Rodriguez,190.0,33.0,223.0,0120860|0120695|3337194,-0.063818689996204,-0.6719347913159439
0113010,Fair Game,1995,50.0,11.534477,91,4.1,54,5.912223,71.0,11859.0,Action,Andrew Sipes,11.0,0.0,11.0,N,0.6397806261545462,0.1386425283252823
0115676,Big Bully,1996,15.0,2.0425299999999997,90,3.9,16,2.936443,75.0,36929.0,Comedy|Drama,Steve Miner,3.0,12.0,15.0,N,0.3483314246168774,0.4302986928183785
0114367,Screamers,1995,20.0,5.781885,108,6.1,154,12.758848,76.0,9102.0,Action|Sci-Fi|Thriller,Christian Duguay,15.0,2.0,17.0,1214983,0.7633884716192167,-0.1504875647213144
0114660,Things to Do in Denver When You're Dead,1995,8.0,0.529766,116,6.7,87,4.486179,81.0,400.0,Drama,Gary Fleder,19.0,11.0,30.0,N,0.5740201618929718,-0.23934728036735
0118158,White Squall,1996,38.0,10.3,129,6.3,86,9.568603999999999,86.0,10534.0,Action|Adventure|Drama,Ridley Scott,11.0,3.0,14.0,N,-0.2590548637490837,-0.5994055240656753
0113972,Nick of Time,1995,8.169363,8.175346000000001,90,6.1,190,6.848591000000001,89.0,2086.0,Action|Thriller,John Badham,9.0,8.0,17.0,N,-0.2341249107952623,0.7429518871199405
0117002,Mary Reilly,1996,47.0,12.379402,104,5.7,77,12.866139,92.0,9095.0,Drama|Horror|Thriller,Stephen Frears,9.0,0.0,9.0,N,-0.3950529935745085,-0.4805876665785111
0114825,Vampire in Brooklyn,1995,14.0,19.8,100,4.5,113,9.071127,93.0,12158.0,Comedy|Horror,Wes Craven,15.0,12.0,27.0,N,0.1667206071036351,-0.5230378164032569
0115759,Broken Arrow,1996,50.0,150.27014699999995,108,5.7,459,14.957626000000001,95.0,9208.0,Action|Adventure|Thriller,John Woo,34.0,2.0,36.0,N,-0.06987206806513499,0.6008981700199139
0115734,Bottle Rocket,1996,7.0,0.5600689999999999,91,6.8,285,6.904831,101.0,13685.0,Adventure|Comedy,Wes Anderson,32.0,8.0,40.0,0109322,-0.7198733367712801,-0.0907180044302192
0116483,Happy Gilmore,1996,12.0,41.205099,92,6.5,767,9.592265,104.0,9614.0,Comedy,Dennis Dugan,177.0,26.0,203.0,5943306,0.1299106967940584,0.2229035146005781
0112579,The Bridges of Madison County,1995,24.0,182.016617,135,7.3,397,5.951077,105.0,688.0,Drama,Clint Eastwood,123.0,4.0,127.0,0059564,0.732226192705092,0.2664924837188486
0112573,Braveheart,1995,72.0,210.0,177,7.7,3404,20.755149,110.0,197.0,Action|Drama,Mel Gibson,562.0,5.0,567.0,N,0.2359864379474947,0.7394921721333354
0075314,Taxi Driver,1976,1.3,28.262574,114,8.1,2632,14.092713,111.0,103.0,Drama|Thriller,Martin Scorsese,1162.0,57.0,1219.0,N,-0.1950421823416847,-0.2481093614623803
0113326,Rumble in the Bronx,1995,7.5,32.392047,91,6.5,245,12.314278,112.0,33542.0,Action|Adventure|Comedy,Stanley Tong,48.0,5.0,53.0,N,-0.6568678898881907,-0.4152799801518718
0114536,Steal Big Steal Little,1995,25.0,6.278139,113,5.1,7,1.522412,119.0,78406.0,Comedy,Andrew Davis,2.0,0.0,2.0,N,-0.4823926697778882,-0.5589981876523885
0103859,Boomerang,1992,40.0,70.1,117,5.4,139,6.506983,122.0,11066.0,Comedy,Reginald Hudlin,35.0,5.0,40.0,9064792,0.41616000880889603,0.1713237702444203
0116324,Flirting with Disaster,1996,7.0,14.702438,92,6.3,66,5.579088,125.0,2074.0,Comedy,David O. Russell,18.0,3.0,21.0,N,0.1755467797053691,0.6310178194573305
0113451,Jade,1995,50.0,9.85161,95,5.1,45,11.418917,132.0,11863.0,Thriller,William Friedkin,20.0,2.0,22.0,N,-0.5259714557063743,-0.3441558179730413
0115685,The Birdcage,1996,31.0,185.26055299990003,117,6.7,303,6.499680000000001,141.0,11000.0,Comedy,Mike Nichols,58.0,9.0,67.0,0077288,0.3953785855999278,-0.2432933976783247
0112442,Bad Boys,1995,19.0,141.407024,118,6.5,1729,9.262184,145.0,9737.0,Action|Comedy|Drama|Thriller,Michael Bay,89.0,15.0,104.0,0172156|1502397|4919268,-0.7606316365776212,-0.1683519989719826
0112427,An Awfully Big Adventure,1995,4.0,0.8515450000000001,113,6.0,11,0.922958,148.0,22279.0,Drama,Mike Newell,6.0,2.0,8.0,N,0.7052401902006702,-0.0523044599214102
0112384,Apollo 13,1995,52.0,355.237933,140,7.3,1637,18.761467,150.0,568.0,Adventure|Drama,Ron Howard,336.0,6.0,342.0,N,-0.2706558016060468,0.7294629360425988
0114287,Rob Roy,1995,28.0,31.596911,139,6.5,151,10.193549,151.0,11780.0,Action|Drama,Michael Caton-Jones,23.0,2.0,25.0,0323820|0013555,0.2359061882382218,-0.2838474086737582
0112462,Batman Forever,1995,100.0,336.529144,121,5.2,1529,13.321354000000001,153.0,414.0,Action|Adventure|Comedy,Joel Schumacher,339.0,16.0,355.0,0118688|0096895|0103776,-0.2055060885126961,0.4023098978186172
0112541,Blue in the Face,1995,2.0,1.275,83,6.8,28,11.528147,156.0,5894.0,Comedy|Drama,Paul Auster,5.0,6.0,11.0,0114478,0.4561303044687452,0.6234588428084955
0109370,Canadian Bacon,1995,11.0,0.17810400000000004,91,5.9,57,5.391556,157.0,1775.0,Comedy,Michael Moore,10.0,32.0,42.0,N,-0.3893416574795417,-0.6084175757363944
0112642,Casper,1995,50.0,287.928194,100,6.0,1045,12.812539,158.0,8839.0,Adventure,Brad Silberling,94.0,32.0,126.0,0118824|0140883|0284946|0884322|1429551,0.3058914198213562,-0.5353396771964355
0112688,Clockers,1995,25.0,13.071518,128,6.8,69,4.558992,159.0,20649.0,Drama,Spike Lee,13.0,5.0,18.0,N,-0.5960731787358347,-0.3332188747774622
0112715,Congo,1995,50.0,152.022101,109,5.0,214,7.260574,160.0,10329.0,Action|Adventure|Sci-Fi,Frank Marshall,47.0,10.0,57.0,5425892,0.5976927207433956,0.0786893567564761
0112740,Crimson Tide,1995,53.0,157.387195,116,7.0,508,8.657364999999999,161.0,8963.0,Drama|Thriller,Tony Scott,57.0,11.0,68.0,N,-0.7768705293823566,-0.0270710254396372
0112851,Desperado,1995,7.0,25.405445,104,6.8,898,6.950458,163.0,8068.0,Action|Western,Robert Rodriguez,93.0,11.0,104.0,0285823|0104815,0.3165611286469983,0.2139086807073604
0112857,Devil in a Blue Dress,1995,27.0,16.140822,102,6.3,88,4.646132,164.0,8512.0,Thriller,Carl Franklin,18.0,3.0,21.0,N,0.0473705487490937,-0.5944934488495603
0112864,Die Hard: With a Vengeance,1995,90.0,366.101666,128,6.9,2094,15.138855,165.0,1572.0,Action|Thriller,John McTiernan,187.0,16.0,203.0,0337978|1606378|0095016|0099423,0.4160257226573405,-0.1359814284822719
0113071,First Knight,1995,55.0,127.600435,134,5.9,319,15.178338,168.0,6520.0,Action|Drama,Jerry Zucker,22.0,0.0,22.0,N,0.2041179880120144,0.7463056635815096
0113243,Hackers,1995,20.0,7.563728,107,6.2,406,14.810519000000001,170.0,10428.0,Action|Adventure|Thriller,Iain Softley,47.0,22.0,69.0,N,-0.1110358101286401,0.6987510899769622
0113481,Johnny Mnemonic,1995,25.0,19.07572,97,5.5,380,11.715867999999999,172.0,9886.0,Action|Sci-Fi|Thriller,Robert Longo,51.0,11.0,62.0,N,-0.5683774814438959,-0.5287480212301062
0113492,Judge Dredd,1995,90.0,113.493481,96,5.4,643,8.184814999999999,173.0,9482.0,Action|Sci-Fi,Danny Cannon,127.0,7.0,134.0,N,0.1879809854372022,-0.358107414774871
0113540,Kids,1995,1.5,7.412215999999999,91,6.8,280,4.877872,175.0,9344.0,Drama,Larry Clark,38.0,6.0,44.0,N,-0.4769133329519596,-0.38230281480409206
0113677,Living in Oblivion,1995,0.5,1.148752,89,7.2,64,10.058328999999999,176.0,9071.0,Comedy,Tom DiCillo,21.0,7.0,28.0,0119987,-0.41584707700812296,0.4594994992585314
0113749,Mallrats,1995,6.0,2.122561,94,6.8,400,8.255469999999999,180.0,2293.0,Comedy,Kevin Smith,104.0,42.0,146.0,0118842|0120655|0210413|0261392|0433537|0424345|6521876|0109445,-0.3214318131671605,0.4422827074733532
0113820,Mighty Morphin Power Rangers: The Movie,1995,15.0,66.0,92,5.2,153,7.024227000000001,181.0,9070.0,Action,Bryan Spicer,58.0,16.0,74.0,0115319|0120389|0118436|0120575|0175059|0212686|2236126|0256278|0287871|0312189|0373587|0414762|0451469|0784920|1121628|1304612|1704503|3521854|5335606|1236029|0106064,0.4507176797433823,0.5639061647810203
0110604,Mute Witness,1995,2e-06,1e-06,95,6.4,36,2.466066,183.0,48787.0,Comedy|Horror|Thriller,Anthony Waller,4.0,4.0,8.0,N,-0.2743148731609731,-0.1015449419148968
0113957,The Net,1995,22.0,110.62796499999999,114,5.6,359,13.304342000000002,185.0,1642.0,Action|Thriller,Irwin Winkler,40.0,8.0,48.0,0163953|0449077,0.6953803459646108,0.2509302381196078
0114095,Party Girl,1995,0.15,0.47236999999999996,94,5.8,14,1.165039,187.0,36196.0,Comedy,Daisy von Scherler Mayer,5.0,1.0,6.0,N,-0.7358954919841398,0.1120503926643564
0114194,The Prophecy,1995,8e-06,1.6e-05,98,6.4,139,10.187623,188.0,11980.0,Fantasy|Horror,Gregory Widen,22.0,0.0,22.0,0118643|0183678|0365658|0439771,-0.1659288692703218,0.7617257756051814
0114345,The Scarlet Letter,1995,50.0,10.382407,135,5.5,111,6.752119,191.0,10533.0,Drama,Roland Joffé,19.0,0.0,19.0,N,-0.7510547666497605,0.2033584061880032
0114436,Showgirls,1995,45.0,20.350754000000002,128,4.9,261,17.502375,193.0,10802.0,Drama,Paul Verhoeven,220.0,3.0,223.0,N,0.3506853020304846,-0.3842559963678023
0114478,Smoke,1995,7.0,8.34943,112,7.2,115,5.5529459999999995,194.0,10149.0,Comedy|Drama,Wayne Wang,12.0,2.0,14.0,0112541,0.4561303044687449,0.6234588428084962
0114508,Species,1995,35.0,113.374103,108,5.5,457,13.492845,196.0,9348.0,Horror|Sci-Fi,Roger Donaldson,85.0,8.0,93.0,0120841|0410650|0844894|8783464,0.4475539610760536,-0.6339783483424599
0114558,Strange Days,1995,42.0,7.959291,145,6.8,334,11.223055,198.0,281.0,Action|Drama|Sci-Fi|Thriller,Kathryn Bigelow,44.0,11.0,55.0,N,0.0565487365205962,-0.4441054900826316
0114666,The Tie That Binds,1995,14.0,5.78,99,4.6,9,1.8204189999999998,200.0,79593.0,Thriller,Wesley Strick,0.0,0.0,0.0,N,0.5872794991107856,0.2685222221353882
0114781,Under Siege 2: Dark Territory,1995,60.0,104.324083,100,5.6,217,7.490247,204.0,3512.0,Action,Geoff Murphy,35.0,3.0,38.0,0105690,0.0149058750233234,-0.7733913331065546
0114887,A Walk in the Clouds,1995,20.0,50.012507,103,6.5,168,9.715639,207.0,9560.0,Drama,Alfonso Aráu,19.0,2.0,21.0,0255112|0035230|0049785,0.0796888417067448,0.2851486908408372
0114898,Waterworld,1995,175.0,264.21821999990004,135,5.9,1017,16.885184,208.0,9804.0,Action|Adventure|Sci-Fi,Kevin Reynolds,197.0,5.0,202.0,N,0.7574124582665558,0.1575254227863805
0111579,Burnt by the Sun,1994,2.8,2.616503,135,6.7,35,2.4860729999999998,213.0,50797.0,Drama,Nikita Mikhalkov,16.0,2.0,18.0,0403645|1912518|2188583,0.5211669557788399,0.5767461237656669
0112471,Before Sunrise,1995,2.5,5.535405,105,7.7,984,11.304979,215.0,76.0,Drama,Richard Linklater,60.0,7.0,67.0,0381681|2209418,0.2665581559048107,0.1462962469472697
0112508,Billy Madison,1995,10.0,26.488734,89,6.2,464,6.638116,216.0,11017.0,Comedy,Tamra Davis,109.0,9.0,118.0,3307450,0.000503420715286,0.6917088690772334
0112571,Boys on the Side,1995,21.0,23.45,115,6.3,48,3.030309,218.0,9382.0,Comedy|Drama,Herbert Ross,20.0,10.0,30.0,N,-0.6164624728649569,-0.4758119619652146
0109445,Clerks,1994,0.027000000000000003,3.1511299999999998,92,7.4,769,10.513367,223.0,2292.0,Comedy,Kevin Smith,228.0,146.0,374.0,0113749|0118842|0120655|0210413|0261392|0433537|0424345|6521876,-0.3214318131671602,0.4422827074733532
0112883,Don Juan DeMarco,1994,25.0,22.2,97,6.3,184,7.438934,224.0,1909.0,Comedy|Drama,Jeremy Leven,22.0,0.0,22.0,N,-0.3306671777539011,0.3465624762855751
0109635,Disclosure,1994,55.0,214.01508900000002,123,5.9,217,11.812244,225.0,8984.0,Drama|Thriller,Barry Levinson,26.0,2.0,28.0,0418460,0.204295194751781,-0.2060276168213566
0109686,Dumb and Dumber,1994,16.0,247.27537400000003,107,6.5,1894,9.844558000000001,231.0,8467.0,Adventure|Comedy,Peter Farrelly,381.0,26.0,407.0,0111946|0329028|2096672,0.0359373121113362,0.4085999669655038
0109707,Ed Wood,1994,18.0,5.887457,127,7.3,639,11.720358000000001,235.0,522.0,Comedy|Drama,Tim Burton,148.0,50.0,198.0,N,0.7029872554082074,0.1441547314368655
0113303,Hideaway,1995,15.0,12.201255,103,5.0,24,8.182165,240.0,27303.0,Thriller,Brett Leonard,4.0,9.0,13.0,N,0.1951530738235733,-0.7504216696217565
0110057,Hoop Dreams,1994,0.7,7.830611000000001,171,7.7,91,9.47666,246.0,14275.0,Documentary,Steve James,59.0,1.0,60.0,0322594|0803005,0.7289315434622085,0.0462869280816902
0110005,Heavenly Creatures,1994,5.0,3.0491349999999997,99,6.9,299,9.438042,247.0,1024.0,Drama,Peter Jackson,44.0,12.0,56.0,N,0.3265172347944866,-0.7043774698460508
0110066,Houseguest,1995,10.5,26.325256,113,6.0,17,2.688562,248.0,17207.0,Comedy,Randall Miller,7.0,18.0,25.0,N,-0.1822777681927083,-0.603993551779676
0110148,Interview with the Vampire,1994,60.0,223.66460799990003,123,7.2,1558,11.970205,253.0,628.0,Drama|Horror,Neil Jordan,163.0,11.0,174.0,0238546|3960394,-0.4252614290234889,0.5980080052359423
0113463,Jefferson in Paris,1995,14.0,2.474,139,5.2,10,1.596058,254.0,87729.0,Drama,James Ivory,0.0,0.0,0.0,N,0.2102351538148126,-0.1188349972991267
0110216,Junior,1994,60.0,37.0,109,4.7,381,6.710215,256.0,6280.0,Comedy|Sci-Fi,Ivan Reitman,61.0,3.0,64.0,N,-0.5726875298963963,0.5221449412134285
0076759,Star Wars,1977,11.0,775.398007,121,8.1,6778,42.149696999999996,260.0,11.0,Action|Adventure|Sci-Fi,George Lucas,7037.0,28.0,7065.0,0080684|0086190|0120915|0121765|0121766|2488496|2527336|2527338|2199603|1490713,0.7109852953061256,-0.26434516432283
0103994,Like Water for Chocolate,1992,2.0,21.665468,105,6.6,70,4.126083,265.0,18183.0,Drama|Fantasy,Alfonso Aráu,25.0,0.0,25.0,N,-0.7415058226065699,0.0616461974651127
0110322,Legends of the Fall,1994,30.0,160.63888300000002,133,7.2,636,12.199047,266.0,4476.0,Drama|Western,Edward Zwick,55.0,1.0,56.0,N,0.6134521148572222,0.475902649274984
0113691,Losing Isaiah,1995,17.0,7.603766,106,6.4,28,7.698525999999999,271.0,28313.0,Drama,Stephen Gyllenhaal,1.0,1.0,2.0,N,0.1838038528350861,-0.4506870109014984
0109836,Mary Shelley's Frankenstein,1994,45.0,112.006296,123,6.1,272,14.287753,273.0,3036.0,Drama|Horror|Sci-Fi,Kenneth Branagh,51.0,4.0,55.0,N,-0.3379755962249914,0.6540126056403086
0113808,Miami Rhapsody,1995,6e-06,5.000000000000001e-06,95,5.6,7,1.1372659999999999,278.0,17402.0,Comedy,David Frankel,3.0,0.0,3.0,N,-0.0160670323925886,-0.7269607970094497
0110638,Nell,1994,31.0,106.683817,112,6.1,128,5.930957,282.0,1945.0,Drama,Michael Apted,40.0,3.0,43.0,0064285,-0.47989100533394,-0.4612926527090435
0110632,Natural Born Killers,1994,34.0,50.282765999999995,119,6.9,927,11.226856,288.0,241.0,Action|Thriller,Oliver Stone,176.0,34.0,210.0,N,-0.6821568394781173,-0.0278445478360904
0114069,Outbreak,1995,50.0,189.85956000000002,127,6.4,522,13.676444,292.0,6950.0,Action|Drama|Sci-Fi|Thriller,Wolfgang Petersen,81.0,4.0,85.0,N,0.6483740767958182,0.2720906144264365
0110413,Leon: The Professional,1994,16.0,45.284974,110,8.2,4293,20.477329,293.0,101.0,Action|Drama|Thriller,Luc Besson,174.0,26.0,200.0,9166956|0252277,-0.4621701066775202,-0.623282602381761
0114113,The Perez Family,1995,11.0,2.8328260000000003,113,6.6,9,1.4335440000000002,294.0,63020.0,Comedy,Mira Nair,2.0,1.0,3.0,N,-0.376007049900345,-0.2345698011072307
0110912,Pulp Fiction,1994,8.0,213.928762,154,8.3,8670,140.95023600000002,296.0,680.0,Comedy|Drama|Thriller,Quentin Tarantino,1507.0,154.0,1661.0,N,0.3013731545245424,0.7153882661345112
0105652,Pushing Hands,1992,0.4,0.152322,105,6.1,9,1.638622,298.0,25296.0,Drama,Ang Lee,0.0,0.0,0.0,N,-0.0582965541400864,0.44647359415932203
0114214,The Quick and the Dead,1995,32.0,18.55246,107,6.2,431,7.54701,303.0,12106.0,Action|Thriller|Western,Sam Raimi,36.0,7.0,43.0,N,0.7039893292186099,0.3281849490681657
0114296,Roommates,1995,22.0,12.4,108,6.4,7,3.395867,304.0,161495.0,Comedy|Drama,Peter Yates,2.0,0.0,2.0,N,0.1560199051193953,-0.7125266273605598
0110907,Prêt-à-Porter,1994,15.0,11.300653,133,5.3,33,6.2594330000000005,305.0,3586.0,Comedy,Robert Altman,18.0,7.0,25.0,N,-0.3075030416233981,0.7146996873702849
0111333,The Swan Princess,1994,35.0,9.771658,89,6.5,251,8.910461999999999,313.0,22586.0,Animation,Richard Rich,36.0,1.0,37.0,0120254|0149215|1984279|3559422|5915572|6687748|7966994|1055126|1239835,-0.4829434988277072,0.5614122001754345
0111255,The Specialist,1994,45.0,170.362582,110,5.5,317,10.388183,315.0,2636.0,Action|Drama|Thriller,Luis Llosa,24.0,5.0,29.0,N,0.3357164182655081,-0.3022280837418056
0111282,Stargate,1994,55.0,196.567262,121,6.8,942,13.328923999999999,316.0,2164.0,Action|Adventure|Sci-Fi,Roland Emmerich,171.0,11.0,182.0,0234794,0.000474755775297,0.1380349335618865
0111070,The Santa Clause,1994,22.0,189.833357,97,6.3,501,9.665424,317.0,11395.0,Comedy|Drama|Fantasy,John Pasquin,111.0,10.0,121.0,0304669|0452681,0.3792567007490318,0.0589869862416827
0111161,The Shawshank Redemption,1994,25.0,28.341469,142,8.5,8358,51.645403,318.0,278.0,Drama,Frank Darabont,643.0,21.0,664.0,N,-0.6218290447646735,0.4655217022507797
0114614,Tank Girl,1995,25.0,4.064495,98,5.5,140,7.602086999999999,327.0,9067.0,Action|Comedy|Sci-Fi,Rachel Talalay,45.0,11.0,56.0,N,-0.0807105695877585,0.7727466852385935
0111280,Star Trek: Generations,1994,38.0,120.0,118,6.4,461,8.105708,329.0,193.0,Adventure|Drama|Sci-Fi,David Carson,137.0,26.0,163.0,0112178|0117731|0120844|0244365|0253754|0796366|1408101|2660888|5171438|8806524|9184820|4756228|0060028|0069637|0079945|0084726|0088170|0092007|0092455|0098382|0102975|0106145,-0.5929650491766336,-0.1373568283189246
0114609,Tales from the Hood,1995,6.0,12.0,98,5.4,33,2.86007,330.0,25066.0,Action|Horror,Rusty Cundieff,14.0,9.0,23.0,8403680|1145308,-0.4239928010882039,0.0287405276354237
0108550,What's Eating Gilbert Grape,1993,11.0,10.032765,118,7.5,943,10.3919,337.0,1587.0,Drama,Lasse Hallström,75.0,5.0,80.0,N,0.506734817947733,-0.5100867141565294
0114857,Virtuosity,1995,30.0,24.048,106,5.4,163,5.1883989999999995,338.0,9271.0,Action|Sci-Fi|Thriller,Brett Leonard,17.0,8.0,25.0,N,-0.443621216223474,0.10880518306055302
0114924,While You Were Sleeping,1995,17.0,182.057016,103,6.5,340,15.783615,339.0,2064.0,Comedy,Jon Turteltaub,53.0,5.0,58.0,N,-0.2334319637053357,-0.0327353860528975
0110598,Muriel's Wedding,1994,3.0,15.119639000000001,106,6.9,104,5.254847,342.0,236.0,Comedy,P.J. Hogan,53.0,15.0,68.0,N,0.3915624461994303,0.6685756649548378
0109040,Ace Ventura: Pet Detective,1994,15.0,107.21739599989999,86,6.4,1684,11.247957000000001,344.0,3049.0,Comedy,Tom Shadyac,230.0,35.0,265.0,0112281|0844029,-0.2131722056426637,0.5272580508202029
0104779,Bitter Moon,1992,5.0,1.862805,139,7.0,115,11.298195,347.0,10497.0,Drama,Roman Polanski,17.0,3.0,20.0,1125672,0.5248484021147657,0.0622419071210866
0109444,Clear and Present Danger,1994,62.0,215.88771699999998,141,6.4,390,7.5132449999999995,349.0,9331.0,Action|Drama|Thriller,Phillip Noyce,64.0,6.0,70.0,0164184|1205537|0499097|0099810|0105112,-0.4639228898503533,0.2615147897179468
0109446,The Client,1994,45.0,117.61521100000002,119,6.4,287,15.263829000000001,350.0,10731.0,Drama|Thriller,Joel Schumacher,22.0,1.0,23.0,N,0.0952936819262403,0.7221854179188023
0109506,The Crow,1994,15.0,94.0,102,7.3,980,15.799335999999998,353.0,9495.0,Action|Fantasy|Thriller,Alex Proyas,177.0,15.0,192.0,0115986|0132910|0353324|0197104|0432536|1340094,-0.2188661720461608,0.6381164484700877
0109813,The Flintstones,1994,46.0,341.631208,91,5.0,559,15.019585999999999,355.0,888.0,Comedy|Fantasy,Brian Levant,97.0,10.0,107.0,0158622|3719916|0053502,0.0630749383623204,-0.7736143278001771
0109830,Forrest Gump,1994,55.0,677.9453989998999,142,8.2,8147,48.307194,356.0,13.0,Comedy|Drama,Robert Zemeckis,962.0,30.0,992.0,1002819,-0.3964831379586511,0.3858384241131415
0109831,Four Weddings and a Funeral,1994,6.0,254.700832,117,6.6,654,8.990345,357.0,712.0,Comedy,Mike Newell,211.0,6.0,217.0,7587362,-0.002607296443797,0.7787826937005681
0110093,I Love Trouble,1994,45.0,61.947267000000004,123,5.3,41,3.570874,360.0,10879.0,Action|Comedy,Charles Shyer,8.0,7.0,15.0,N,-0.0820531925455674,-0.4036653131118046
0110357,The Lion King,1994,45.0,788.241776,89,8.0,5520,21.605760999999998,364.0,8587.0,Adventure|Animation|Drama|Musical,Roger Allers,1413.0,21.0,1434.0,0120131|0318403|3793630|6494434|6105098,0.5609173133232233,0.1399010298379075
0107426,Little Buddha,1993,35.0,4.8581389999999995,140,6.0,76,5.681522,365.0,1689.0,Drama,Bernardo Bertolucci,9.0,0.0,9.0,N,0.2556933829301491,0.4753573415474868
0111686,New Nightmare,1994,14.0,18.090181,112,6.4,297,9.860522,366.0,11596.0,Drama|Horror|Thriller,Wes Craven,65.0,25.0,90.0,0087800|0089686|0093629|0095742|0097981|0101917,-0.0558519554300811,-0.2997430167483951
0110475,The Mask,1994,23.0,351.583407,101,6.6,2550,14.134879999999999,367.0,854.0,Action|Comedy|Fantasy,Chuck Russell,299.0,29.0,328.0,0112064|0362165,-0.7104005118454494,0.1548624439769557
0110622,The Naked Gun 33⅓: The Final Insult,1994,30.0,51.132598,83,6.4,535,10.587232,370.0,36593.0,Action|Comedy,Peter Segal,58.0,47.0,105.0,1957979|0083466|0095705|0102510,0.6444427256692873,-0.0480515235418003
0110950,Reality Bites,1994,11.5,20.07985,99,6.5,180,6.5145919999999995,372.0,2788.0,Comedy|Drama,Ben Stiller,74.0,21.0,95.0,N,0.6773672593400155,0.0146459878201699
0105226,Red Rock West,1993,8.0,2.0,98,6.4,71,5.137903,373.0,10427.0,Thriller,John Dahl,18.0,2.0,20.0,N,0.1217794751968364,0.6586719667185681
0111257,Speed,1994,30.0,350.448145,116,6.8,1814,10.859292,377.0,1637.0,Action|Thriller,Jan de Bont,366.0,14.0,380.0,0120179|1545465,0.1288942536763259,-0.7647322267492148
0111438,Timecop,1994,27.0,101.6465809999,99,5.5,288,8.907074,379.0,8831.0,Action|Sci-Fi|Thriller,Peter Hyams,91.0,6.0,97.0,0318763|2937706,0.6853411350728741,-0.3597443603006917
0111503,True Lies,1994,115.0,378.8824109999,141,6.8,1138,11.396099000000001,380.0,36955.0,Action|Adventure|Comedy|Thriller,James Cameron,231.0,27.0,258.0,0103103,0.3194180575373819,-0.017507094004224996
0111756,Wyatt Earp,1994,63.0,25.052,191,6.5,203,9.277147,383.0,12160.0,Western,Lawrence Kasdan,22.0,0.0,22.0,N,-0.0581841721469039,-0.5602499195584786
0110399,A Low Down Dirty Shame,1994,10.0,29.392418,100,6.0,31,3.0215259999999997,387.0,26352.0,Action|Comedy,Keenen Ivory Wayans,6.0,16.0,22.0,N,0.2441605873471665,-0.6563769335491692
0110186,Jason's Lyric,1994,7.0,20.851520999999998,119,5.9,9,0.912909,391.0,22067.0,Drama,Doug McHenry,7.0,2.0,9.0,N,0.6336225452033465,0.4484632191937939
0111301,Street Fighter,1994,35.0,99.423521,102,4.1,330,13.584489999999999,393.0,11667.0,Action|Adventure|Fantasy,Steven E. de Souza,143.0,9.0,152.0,0144069|0219458|0185708|0495900|0891592|1696187|0106545|0114563,0.0555245782916473,-0.0624940930389405
0110027,Highlander: The Final Dimension,1994,26.0,36.8,99,4.5,110,6.8666339999999995,405.0,8011.0,Action|Fantasy,Andrew Morahan,12.0,8.0,20.0,0144714|0144964|0299981|0465657|0091203|0102034|0103442|0182228|0147773,-0.1086884570381719,0.2178407922588261
0113409,In the Mouth of Madness,1994,8.0,8.9466,95,7.1,307,8.497643,407.0,2654.0,Horror|Thriller,John Carpenter,41.0,8.0,49.0,5866542,0.5415346767774618,-0.4100339537998126
0106226,The Age of Innocence,1993,34.0,32.25544,139,7.0,172,8.013617,412.0,10436.0,Drama,Martin Scorsese,53.0,7.0,60.0,N,0.01403174187969,-0.5301748741687438
0109067,The Air Up There,1994,17.08,21.0115,107,5.1,42,1.8962729999999999,414.0,46094.0,Comedy,Paul Michael Glaser,5.0,2.0,7.0,N,-0.2268052876531867,-0.6516277115767803
0109254,Beverly Hills Cop III,1994,50.0,119.20898899999999,104,5.5,445,11.787784,420.0,306.0,Action|Comedy|Thriller,John Landis,24.0,3.0,27.0,3083016|0086960|0092644,0.7663950196758837,0.1258865336091997
0106452,Body Snatchers,1993,13.0,0.4288680000000001,87,5.8,102,6.559692999999999,426.0,4722.0,Horror|Sci-Fi|Thriller,Abel Ferrara,16.0,2.0,18.0,0049366|0077745,0.2152589633289376,-0.7049878026640201
0106489,A Bronx Tale,1993,22.0,17.287898000000002,121,7.4,447,6.115628,428.0,1607.0,Drama,Robert De Niro,21.0,1.0,22.0,N,-0.1363887772700509,0.7423463272048263
0106505,Calendar Girl,1993,13.0,2.570145,90,3.7,10,1.316741,430.0,117553.0,Comedy|Drama,John Whitesell,3.0,10.0,13.0,N,-0.5519179869488692,-0.4805757134212275
0106519,Carlito's Way,1993,30.0,36.516011999999996,144,7.7,805,8.698509,431.0,6075.0,Drama,Brian De Palma,75.0,10.0,85.0,0427038|4321328,0.2256017008923287,0.3565351562253102
0106582,Cliffhanger,1993,70.0,255.000211,112,6.1,600,9.830853,434.0,9350.0,Action|Adventure|Thriller,Renny Harlin,105.0,3.0,108.0,1441251,0.4195116463483627,0.6524503715266422
0109456,Color of Night,1994,40.0,19.72605,121,5.4,117,14.228963,436.0,2124.0,Drama|Thriller,Richard Rush,18.0,4.0,22.0,N,-0.5827262037277332,-0.3921688367265883
0106677,Dazed and Confused,1993,6.9,7.993039,102,7.4,588,6.8652,441.0,9571.0,Comedy,Richard Linklater,174.0,35.0,209.0,N,-0.1076552354965165,-0.7674750064334169
0106697,Demolition Man,1993,57.0,159.055768,115,6.4,1018,11.626116,442.0,9739.0,Action|Adventure|Sci-Fi,Marco Brambilla,132.0,18.0,150.0,N,-0.693020472258637,-0.3499635919653819
0106941,For Love or Money,1993,30.0,11.14627,94,5.7,77,8.468869,453.0,9024.0,Comedy,Barry Sonnenfeld,8.0,5.0,13.0,0120540,-0.0904938011628242,-0.4926139165082947
0106918,The Firm,1993,42.0,270.24836699990004,154,6.6,513,9.678367,454.0,37233.0,Drama|Thriller,Sydney Pollack,56.0,2.0,58.0,N,0.7307816759112623,-0.1749568112691661
0106965,Free Willy,1993,20.0,153.698625,112,6.0,429,5.990572,455.0,1634.0,Adventure|Drama,Simon Wincer,226.0,0.0,226.0,0113114|0119152|1394329,0.4942436892895834,0.5969062686962967
0106977,The Fugitive,1993,44.0,368.87576,130,7.2,1240,10.089369999999999,457.0,5503.0,Thriller,Andrew Davis,305.0,4.0,309.0,0120873|0247097|1062355|4698612|0056757,-0.1368731784179281,-0.5523142506387702
0107004,Geronimo: An American Legend,1993,35.0,18.63562,115,5.9,44,4.653462,458.0,35588.0,Drama|Western,Walter Hill,11.0,0.0,11.0,N,-0.3529427268852808,0.5847491879356181
0107076,Hard Target,1993,18.0,74.189677,97,6.1,237,7.834351,464.0,2019.0,Action|Adventure|Thriller,John Woo,43.0,7.0,50.0,5241578,-0.4987019795895979,-0.2752908175642011
0107144,Hot Shots! Part Deux,1993,25.0,133.752825,86,6.2,463,13.482370999999999,466.0,9255.0,Action|Comedy,Jim Abrahams,34.0,50.0,84.0,0102059,-0.0041309765457976,0.2436114599109899
0107206,In the Line of Fire,1993,40.0,176.99716799990003,128,6.8,392,12.637158,474.0,9386.0,Action|Thriller,Wolfgang Petersen,97.0,4.0,101.0,N,0.6550427503130898,-0.4143402887159897
0107207,In the Name of the Father,1993,13.0,65.796862,133,7.6,363,7.405895,475.0,7984.0,Drama,Jim Sheridan,30.0,1.0,31.0,N,-0.271417647635819,-0.3367127427340805
0107290,Jurassic Park,1993,63.0,920.1,127,7.6,4956,8.863776,480.0,329.0,Action|Adventure|Sci-Fi|Thriller,Steven Spielberg,1772.0,15.0,1787.0,0119567|0163025|0369610|4881806|8041270,-0.1806176784583852,-0.75769784662331
0107302,Kalifornia,1993,9.0,2.3952310000000003,117,6.5,209,8.4337,481.0,10909.0,Drama|Thriller,Dominic Sena,20.0,2.0,22.0,N,-0.1292592918765316,0.6412569025349562
0110265,Killing Zoe,1993,1.5,0.418961,96,6.1,111,4.948569,482.0,507.0,Drama|Thriller,Roger Avary,14.0,9.0,23.0,N,-0.4265896541017666,-0.16420693799789302
0107362,Last Action Hero,1993,85.0,137.298489,130,6.1,725,9.434006,485.0,9593.0,Action|Adventure|Comedy|Fantasy,John McTiernan,139.0,81.0,220.0,N,0.6572019465744839,0.3224323470549576
0107507,Manhattan Murder Mystery,1993,13.5,11.285588,104,7.1,169,8.939404,492.0,10440.0,Comedy,Woody Allen,18.0,12.0,30.0,N,0.0846156379656837,0.5227808943581731
0107554,Menace II Society,1993,3.5,27.9,97,7.2,179,5.260924,493.0,9516.0,Action|Drama,Albert Hughes,44.0,9.0,53.0,N,-0.7334368851187358,0.0121593011420692
0116253,Executive Decision,1996,55.0,121.96921599999999,133,5.8,261,13.106291,494.0,2320.0,Action|Adventure|Thriller,Stuart Baird,33.0,6.0,39.0,N,-0.5942096754157175,-0.4427097117262059
0107614,Mrs. Doubtfire,1993,25.0,441.286195,125,7.0,1638,11.16553,500.0,788.0,Comedy|Drama,Chris Columbus,313.0,33.0,346.0,0139872|0233422,-0.6861220336077828,-0.2836631469030953
0110657,The Next Karate Kid,1994,12.0,15.826984,107,4.8,202,9.9697,502.0,11231.0,Action,Christopher Cain,19.0,6.0,25.0,0087538|0091326|0097647,-0.1162484152131655,0.7703199996453189
0110678,No Escape,1994,20.0,15.339999999999998,118,6.1,86,9.715187,504.0,10447.0,Action|Drama|Sci-Fi,Martin Campbell,12.0,4.0,16.0,N,-0.4876659576933848,-0.0066512263602305
0107808,A Perfect World,1993,30.0,135.130999,138,7.2,376,8.040589,507.0,9559.0,Drama|Thriller,Clint Eastwood,20.0,4.0,24.0,N,0.4688727337001816,0.4895146437126658
0107818,Philadelphia,1993,26.0,206.67844,125,7.6,1019,13.373006,508.0,9800.0,Drama,Jonathan Demme,165.0,5.0,170.0,N,0.4304581521979608,-0.3845861972942341
0107822,The Piano,1993,7.0,116.7,121,7.1,290,7.436758,509.0,713.0,Drama,Jane Campion,109.0,1.0,110.0,N,-0.1042431966126447,-0.6220696353678905
0107840,Poetic Justice,1993,14.0,27.515786,109,6.9,47,6.972599000000001,510.0,8291.0,Drama,John Singleton,32.0,5.0,37.0,N,-0.7120468739949994,-0.1961018660401881
0110955,The Ref,1994,11.0,11.439193,97,6.7,99,5.868677,514.0,10872.0,Comedy,Ted Demme,20.0,8.0,28.0,N,0.4513025652012019,0.0755831010519597
0107943,The Remains of the Day,1993,11.5,23.237910999999997,134,7.5,213,12.222576,515.0,1245.0,Drama,James Ivory,67.0,2.0,69.0,N,0.5697106477617002,0.45544253486447706
0110971,Renaissance Man,1994,40.0,24.332324,128,5.9,83,4.985157,516.0,11858.0,Comedy|Drama,Penny Marshall,5.0,10.0,15.0,N,-0.7681713513930922,0.1325834985210025
0107978,RoboCop 3,1993,22.0,10.69621,104,4.2,309,8.685798,519.0,5550.0,Action|Drama|Sci-Fi|Thriller,Fred Dekker,52.0,4.0,56.0,0108909|0220008|3034552|0093870|0100502,0.1384733798070688,0.7639220386961714
0107977,Robin Hood: Men in Tights,1993,20.0,35.739755,104,6.4,575,17.136672,520.0,8005.0,Comedy,Mel Brooks,76.0,33.0,109.0,0072585|0072585,-0.7778669846540244,0.0466085179054778
0107983,Romeo Is Bleeding,1993,11.5,3.275585,100,5.7,36,9.796318,521.0,2088.0,Thriller,Peter Medak,12.0,2.0,14.0,N,-0.4072518970838312,-0.6596341561530211
0108000,Ruby in Paradise,1993,0.8,1.0014370000000001,114,5.6,10,0.941994,523.0,47889.0,Drama,Victor Nunez,7.0,1.0,8.0,N,0.1412231067503936,0.5703023579495838
0108002,Rudy,1993,12.0,22.750363,114,7.2,187,5.914833,524.0,14534.0,Drama,David Anspaugh,120.0,1.0,121.0,N,0.2930783399153885,-0.7207420093863369
0108052,Schindler's List,1993,22.0,321.365567,195,8.3,4436,41.725122999999996,527.0,424.0,Drama,Steven Spielberg,440.0,3.0,443.0,N,-0.1413151720000105,-0.7643979596369223
0111127,Serial Mom,1994,13.0,7.8206880000000005,95,6.4,137,5.305311,532.0,11592.0,Comedy|Horror,John Waters,33.0,294.0,327.0,N,-0.4461044093447392,-0.515705008578707
0111143,The Shadow,1994,25.0,48.063435,108,5.4,140,7.881107000000001,533.0,8850.0,Action|Adventure|Fantasy,Russell Mulcahy,25.0,4.0,29.0,N,-0.5652101649743062,-0.2827363650821581
0108160,Sleepless in Seattle,1993,21.0,227.7998839999,105,6.5,630,10.234919,539.0,858.0,Comedy|Drama,Nora Ephron,256.0,14.0,270.0,N,-0.3386476527434678,0.6987276541076229
0108162,Sliver,1993,40.0,116.3,108,4.9,144,11.23297,540.0,867.0,Thriller,Phillip Noyce,24.0,5.0,29.0,N,-0.278946814563824,0.6860755084363958
0083658,Blade Runner,1982,28.0,33.139618,117,7.9,3833,96.272374,541.0,78.0,Action|Sci-Fi|Thriller,Ridley Scott,862.0,18.0,880.0,1856101|7326248|7387408|7428594,-0.5197478710427363,0.4637049827782203
0108174,So I Married an Axe Murderer,1993,20.0,11.585483,93,6.1,131,8.051914,543.0,10442.0,Comedy|Thriller,Thomas Schlamme,28.0,16.0,44.0,N,-0.7353527321938613,-0.0418245610070266
0108255,Super Mario Bros.,1993,48.0,20.915465,104,4.0,236,7.198455,546.0,9607.0,Action|Adventure|Comedy|Fantasy|Sci-Fi,Annabel Jankel,197.0,10.0,207.0,N,-0.6648550186419248,0.4058750948638424
0111323,Surviving the Game,1994,7.4,7.690012999999999,96,6.1,53,3.6446410000000005,547.0,17585.0,Action|Adventure|Thriller,Ernest R. Dickerson,14.0,0.0,14.0,N,0.4706767835794405,-0.6121670413891105
0111400,Terminal Velocity,1994,50.0,16.4789,102,5.0,82,8.012225,548.0,9057.0,Action|Thriller,Deran Sarafian,6.0,2.0,8.0,N,0.6311797257223702,0.3696621380892873
0107688,The Nightmare Before Christmas,1993,18.0,75.63440899999999,76,7.6,2135,17.730913,551.0,9479.0,Animation|Fantasy|Musical,Henry Selick,397.0,24.0,421.0,1002748|1324170,-0.1731019505212302,0.7034117914097261
0108333,The Three Musketeers,1993,30.0,53.898844999999994,105,6.2,219,6.34785,552.0,10057.0,Action|Adventure|Comedy,Stephen Herek,36.0,1.0,37.0,N,-0.3937542632117705,-0.1060375804714571
0108358,Tombstone,1993,25.0,56.505065,130,7.4,632,11.338194,553.0,11969.0,Action|Drama|Western,George P. Cosmatos,115.0,1.0,116.0,N,-0.6892761897494333,0.2503749190137019
0108399,True Romance,1993,12.5,12.281551,120,7.5,762,17.189328,555.0,319.0,Thriller,Tony Scott,158.0,56.0,214.0,0359715,-0.7773505676958987,0.0087990859543776
0110763,The Pagemaster,1994,27.0,13.670688,80,6.2,178,7.436000999999999,558.0,15139.0,Action|Adventure|Animation|Fantasy,Joe Johnston,32.0,9.0,41.0,5554958,0.2167799475189695,0.5654123600536174
0099785,Home Alone,1990,18.0,476.684675,103,7.1,2487,0.702543,586.0,771.0,Comedy,Chris Columbus,832.0,23.0,855.0,0104431|0119303|0329200|2308733|1101206|6249970|1101206,-0.5926799000291203,0.4249325184428506
0099653,Ghost,1990,22.0,505.0,127,6.9,1381,11.945397,587.0,251.0,Comedy|Drama|Fantasy|Thriller,Jerry Zucker,513.0,14.0,527.0,0399530|0353154|1655400,0.3517239915427906,0.1331615391642591
0103639,Aladdin,1992,28.0,504.050219,90,7.4,3495,16.357419,588.0,812.0,Adventure|Animation|Comedy|Musical,Ron Clements,938.0,26.0,964.0,0107952|0105935|0115491|0288416|0233177|1172058|1167012|6139732,0.1203104114656892,-0.6469752231470879
0103064,Terminator 2: Judgment Day,1991,100.0,520.0,137,7.7,4274,22.661695,589.0,280.0,Action|Sci-Fi,James Cameron,1369.0,42.0,1411.0,0181852|0438488|1340138|6450804|8248304|0088247,-0.0714536366402166,0.3452626224305042
0099348,Dances with Wolves,1990,22.0,424.20884800000005,181,7.6,1084,11.654349,590.0,581.0,Adventure|Drama|Western,Kevin Costner,295.0,3.0,298.0,0050915,0.585363027576598,-0.2925405881436183
0096895,Batman,1989,35.0,411.348924,126,7.0,2145,19.10673,592.0,268.0,Action|Thriller,Tim Burton,1060.0,32.0,1092.0,0103776|0112462|0118688,-0.20550608851269603,0.4023098978186171
0102926,The Silence of the Lambs,1991,19.0,272.742922,119,8.1,4549,4.307222,593.0,274.0,Horror|Thriller,Jonathan Demme,1288.0,18.0,1306.0,0212985|0289765|0367959|2243973|0111068,0.5376693450725142,-0.4718316305929254
0029583,Snow White and the Seven Dwarfs,1937,1.488423,184.925486,83,6.9,1973,16.263878,594.0,408.0,Animation|Drama|Fantasy|Musical,David Hand,1308.0,1.0,1309.0,6208148,-0.6814714775977762,0.3725621880823844
0101414,Beauty and the Beast,1991,25.0,377.350553,84,7.5,3029,23.433511,595.0,10020.0,Animation|Fantasy|Musical,Gary Trousdale,861.0,14.0,875.0,0221773|0118692|0167038|4886826|1171997|1167012|2771200,-0.2018859716673675,0.1477439647805019
0032910,Pinocchio,1940,2.6,84.3,88,6.9,1412,14.202283999999999,596.0,10895.0,Animation|Fantasy|Musical,Hamilton Luske,782.0,1.0,783.0,0093743|4593060,-0.5224865277713369,0.5214815456020667
0100405,Pretty Woman,1990,14.0,463.0,119,7.0,1807,13.348451,597.0,114.0,Comedy,Garry Marshall,545.0,7.0,552.0,N,0.6601462671698171,0.20324793273169603
0065214,The Wild Bunch,1969,6.244087,0.638641,145,7.7,266,11.722424,599.0,576.0,Adventure|Western,Sam Peckinpah,215.0,6.0,221.0,2028582,-0.7408595210045713,-0.2421075858692178
0116282,Fargo,1996,7.0,60.611975,98,7.7,2080,12.61469,608.0,275.0,Comedy|Drama|Thriller,Joel Coen,282.0,17.0,299.0,2802850,0.7425048702036899,0.2299866158711022
0116514,Hellraiser: Bloodline,1996,4.0,16.675,86,4.9,111,5.263187,611.0,8766.0,Action|Horror|Sci-Fi,Kevin Yagher,32.0,3.0,35.0,0229440|0274546|0337636|0354623|1716747|5476182|0093177|0095294|0104409,-0.6728296279894751,0.0282208472438753
0065421,The Aristocats,1970,4.0,55.675256999999995,78,7.1,1287,9.834047,616.0,10112.0,Animation,Wolfgang Reitherman,158.0,1.0,159.0,N,0.7716208218116039,0.0905180957080188
0117381,Primal Fear,1996,30.0,102.616183,129,7.4,644,10.326213000000001,628.0,1592.0,Drama|Thriller,Gregory Hoblit,45.0,3.0,48.0,0337971,-0.7398128217234361,0.2398724505082838
0116414,Girl 6,1996,12.0,4.939939,108,5.7,17,4.405169,639.0,61752.0,Comedy|Drama,Spike Lee,12.0,14.0,26.0,N,-0.37901359413212704,-0.6781569788058373
0115956,Courage Under Fire,1996,46.0,100.8608179999,117,6.2,240,11.595316,647.0,10684.0,Action|Drama,Edward Zwick,20.0,2.0,22.0,N,-0.154413828337551,0.0923653081333451
0117060,Mission: Impossible,1996,80.0,457.696359,110,6.7,2677,15.793477,648.0,954.0,Action|Adventure|Thriller,Brian De Palma,415.0,10.0,425.0,0120755|0317919|1229238|2381249|4912910|9603212|9603208|0060009,-0.7744391177309076,0.0897111195648859
0116136,DragonHeart,1996,57.0,115.267375,103,6.4,553,23.636589999999998,653.0,8840.0,Action|Adventure|Fantasy,Rob Cohen,54.0,2.0,56.0,0214641|3829170|5610626|9711106,0.0013265698627729998,0.6234612841026396
0116683,James and the Giant Peach,1996,38.0,28.921264,79,6.2,375,13.217623000000001,661.0,10539.0,Adventure|Animation|Fantasy|Musical,Henry Selick,64.0,2.0,66.0,N,-0.1166189776193195,-0.0252256393676643
0116269,Faithful,1996,13.0,9.7899,91,4.8,4,1.2968620000000002,664.0,47502.0,Comedy,Paul Mazursky,4.0,1.0,5.0,N,0.2980770169783323,0.6681965392200372
0117705,Space Jam,1996,80.0,250.2,88,6.5,1335,11.054250999999999,673.0,2300.0,Adventure|Animation|Comedy|Fantasy|Sci-Fi,Joe Pytka,279.0,56.0,335.0,3554046,-0.2741753309096483,0.1206087623311648
0062711,Barbarella,1968,9.0,2.5,98,5.7,149,14.304205,674.0,8069.0,Adventure|Comedy|Sci-Fi,Roger Vadim,173.0,1.0,174.0,N,0.2310766517213593,-0.7440482018669103
0117104,Mrs. Winterbourne,1996,25.0,10.07,105,5.5,26,9.1861,691.0,40001.0,Comedy,Richard Benjamin,4.0,2.0,6.0,0279410|0041694,0.5197510364588458,-0.3153518206508774
0117420,The Quest,1996,30.0,57.400546999999996,95,5.3,126,7.941972,704.0,9103.0,Action|Adventure,Jean-Claude Van Damme,9.0,0.0,9.0,N,0.2946935038382121,-0.0847644316612984
0095776,Oliver & Company,1988,31.0,74.15134599999999,74,6.5,372,10.813578999999999,709.0,12233.0,Adventure|Animation|Comedy|Musical,George Scribner,68.0,10.0,78.0,N,0.2840777539095575,0.4031521997038184
0116322,Flipper,1996,25.53,20.08002,95,5.3,85,4.5570059999999994,711.0,36355.0,Adventure,Alan Shapiro,12.0,5.0,17.0,0057063,-0.5761697118426047,0.3571267614455937
0113362,The Horseman on the Roof,1995,35.0,15.0,135,6.7,25,1.690768,715.0,11876.0,Drama,Jean-Paul Rappeneau,8.0,0.0,8.0,N,0.4732326231057248,-0.4482470768610064
0115963,The Craft,1996,15.0,24.769466,101,6.3,388,12.860385,724.0,9100.0,Drama|Fantasy|Horror|Thriller,Andrew Fleming,89.0,10.0,99.0,0475944,0.4339722152573604,0.3084873728609564
0117500,The Rock,1996,75.0,335.0626209999,136,6.9,1474,13.249823999999998,733.0,9802.0,Action|Adventure|Thriller,Michael Bay,172.0,12.0,184.0,1097079|0364621,0.636175761037019,-0.3592173490924871
0117998,Twister,1996,92.0,494.47152400000004,113,6.1,966,8.739144,736.0,664.0,Action|Adventure|Thriller,Jan de Bont,190.0,15.0,205.0,N,-0.6538531918278703,-0.32580812025890304
0115571,The Arrival,1996,25.0,14.048372,115,6.1,200,6.497591000000001,748.0,10547.0,Action|Sci-Fi|Thriller,David Twohy,13.0,12.0,25.0,6189792|0122961,-0.4323976308872697,0.546932819649116
0057012,Dr. Strangelove or: How I Learned to Stop Worrying and Love the Bomb,1964,1.7999999999999998,9.440272,95,8.0,1472,9.803980000000001,750.0,935.0,Comedy,Stanley Kubrick,659.0,7.0,666.0,N,0.3354326083874236,0.3310778341772478
0117331,The Phantom,1996,45.0,17.300889,100,4.7,138,8.079541,761.0,9826.0,Action|Adventure,Simon Wincer,28.0,1.0,29.0,N,-0.4927907314794776,0.6016520220932298
0117765,Striptease,1996,50.0,113.309743,115,4.4,210,11.341502,762.0,9879.0,Comedy,Andrew Bergman,44.0,51.0,95.0,N,0.7260071983325539,0.0990481576037568
0116669,Jack,1996,45.0,58.620973,113,5.9,340,6.2872449999999995,765.0,7095.0,Comedy|Drama,Francis Ford Coppola,27.0,14.0,41.0,N,0.21917475406165898,-0.0274675219930542
0117951,Trainspotting,1996,4.0,16.49108,93,7.8,2737,19.348466000000002,778.0,627.0,Comedy|Drama,Danny Boyle,264.0,27.0,291.0,2763304,-0.4211466344119602,-0.4161241122715367
0116629,Independence Day,1996,75.0,816.9692679999998,145,6.7,3334,17.634197,780.0,602.0,Action|Adventure|Sci-Fi|Thriller,Roland Emmerich,534.0,46.0,580.0,1628841,-0.3022534123612471,-0.6518027429808122
0116277,The Fan,1996,55.0,18.626419,116,5.7,202,12.202063,782.0,9566.0,Drama|Thriller,Tony Scott,15.0,7.0,22.0,N,0.5328249605080684,0.4958837041244253
0116583,The Hunchback of Notre Dame,1996,100.0,100.138851,91,6.8,1182,13.553999,783.0,10545.0,Animation|Drama|Musical,Gary Trousdale,305.0,7.0,312.0,0257778|9613354,-0.1279173060687869,-0.2031010744924694
0115798,The Cable Guy,1996,47.0,102.825796,96,5.7,603,7.586577,784.0,9894.0,Comedy|Thriller,Ben Stiller,81.0,66.0,147.0,N,0.5855316875712587,-0.4627171420144729
0116778,Kingpin,1996,27.0,25.023433999999998,113,6.7,248,11.633347,785.0,11543.0,Comedy,Bobby Farrelly,48.0,14.0,62.0,N,0.0958062888298306,-0.7692791552107949
0116213,Eraser,1996,100.0,242.29556200000002,115,5.6,553,6.919314,786.0,9268.0,Action|Drama|Thriller,Chuck Russell,41.0,4.0,45.0,0276941,-0.5725708710130494,0.2048950721209498
0117218,The Nutty Professor,1996,54.0,128.769345,95,5.4,717,9.651581,788.0,9327.0,Comedy|Fantasy|Sci-Fi,Tom Shadyac,131.0,24.0,155.0,0144528|1296960|0057372,0.273841495307204,0.2892412973189693
0116040,Daylight,1996,80.0,159.212469,115,5.8,385,11.995799,798.0,11228.0,Action|Adventure|Drama|Thriller,Rob Cohen,23.0,4.0,27.0,N,0.3627163277314982,0.6861172501354736
0116365,The Frighteners,1996,30.0,29.359215999999996,110,6.7,413,12.09096,799.0,10779.0,Comedy|Horror|Thriller,Peter Jackson,41.0,20.0,61.0,N,0.4012273747383037,-0.0218871451839099
0116905,Lone Star,1996,5.0,13.269963,135,6.9,79,9.069963000000001,800.0,26748.0,Drama|Western,John Sayles,12.0,3.0,15.0,N,0.3762351095683662,-0.5200774058989703
0117333,Phenomenon,1996,32.0,152.036382,123,6.2,328,5.575991999999999,802.0,9294.0,Drama,Jon Turteltaub,23.0,1.0,24.0,N,0.2888509123663282,0.0526980308847088
0117628,She's the One,1996,3.5,9.482579,96,5.7,71,10.827266,804.0,11363.0,Comedy,Edward Burns,3.0,0.0,3.0,N,-0.4647214265818466,0.6214899805004498
0117913,A Time to Kill,1996,40.0,152.266007,149,7.0,522,13.309013,805.0,1645.0,Drama|Thriller,Joel Schumacher,49.0,2.0,51.0,N,-0.3547500223208357,0.1867906262660288
0116320,Fled,1996,25.0,17.193231,98,5.2,49,3.906949,809.0,18550.0,Action|Adventure,Kevin Hooks,8.0,6.0,14.0,0051525,0.6678272408201658,0.0783172488423362
0116707,Joe's Apartment,1996,13.0,4.619014,78,5.0,87,9.490858,829.0,11962.0,Comedy|Fantasy|Musical,John Payson,9.0,4.0,13.0,0093101|0104564,-0.6002249744456172,0.497331704524336
0116313,The First Wives Club,1996,26.0,116.4,102,6.5,172,10.177303,830.0,2925.0,Comedy,Hugh Wilson,52.0,9.0,61.0,7546362,-0.1985094104583994,0.7487086142582563
0117438,Ransom,1996,80.0,309.492681,117,6.4,482,8.772188,832.0,3595.0,Thriller,Ron Howard,47.0,8.0,55.0,0049656,0.4965953182729093,0.5384511653287444
0115857,Chain Reaction,1996,50.0,60.209334,107,5.3,291,15.874491,836.0,12123.0,Action|Adventure|Thriller,Andrew Davis,22.0,3.0,25.0,N,-0.3813128909041673,0.5212664754483188
0117008,Matilda,1996,36.0,33.459416,98,6.9,892,10.034915,837.0,10830.0,Comedy|Fantasy,Danny DeVito,59.0,7.0,66.0,3447590,0.7747121730938988,0.055798865947391
0116191,Emma,1996,6.0,22.231658,121,6.7,152,6.593011,838.0,3573.0,Comedy|Drama,Douglas McGrath,19.0,1.0,20.0,N,-0.0719319173933143,-0.7758493145861216
0115986,The Crow: City of Angels,1996,13.0,17.917286999999998,84,5.2,119,6.554678999999999,839.0,10546.0,Action|Thriller,Tim Pope,16.0,4.0,20.0,0132910|0353324|0109506,-0.1985375730206285,0.6334238878649134
0117826,Bordello of Blood,1996,15.0,5.6,87,5.0,63,3.4504019999999995,842.0,9431.0,Comedy|Horror,Gilbert Adler,15.0,23.0,38.0,0250698|0114608,-0.4362132833293367,-0.3135235247759249
0117718,The Spitfire Grill,1996,6.0,12.643775999999999,117,6.8,17,1.19589,848.0,47907.0,Drama,Lee David Zlotoff,5.0,0.0,5.0,N,-0.0342813400590711,-0.7760146419595482
0116225,Escape from L.A.,1996,50.0,42.277365,97,5.6,381,12.229381,849.0,10061.0,Action|Adventure|Sci-Fi|Thriller,John Carpenter,72.0,5.0,77.0,0082340,-0.1806829346552934,-0.3367997931461753
0115632,Basquiat,1996,2.9620509999999998,3.0111950000000003,108,6.6,97,4.797674,851.0,549.0,Drama,Julian Schnabel,16.0,4.0,20.0,N,-0.6093206239756872,0.0115715823113906
0117918,Tin Cup,1996,45.0,53.854588,135,5.9,152,6.2496599999999995,852.0,10478.0,Comedy|Drama,Ron Shelton,36.0,2.0,38.0,N,-0.0434516736920242,0.7769236520233552
0104109,Dingo,1991,0.2,0.3,109,6.0,1,0.12427300000000001,853.0,66634.0,Drama,Rolf de Heer,11.0,0.0,11.0,N,0.5938943739297544,-0.5034083485284352
0068646,The Godfather,1972,6.0,245.066411,175,8.5,6024,41.109264,858.0,238.0,Drama,Francis Ford Coppola,2403.0,14.0,2417.0,0071562|0099674|0172089|0120456,-0.0127209095900172,-0.0959344589959161
0104558,Police Story 3: Supercop,1992,0.9,20.483423,95,6.7,109,6.751864,861.0,11134.0,Action|Comedy|Thriller,Stanley Tong,26.0,7.0,33.0,0106544|0116704|0386005|0089374|0095403,0.0049824997437981,-0.6761811892148746
0116985,Manny & Lo,1996,0.5,0.43132600000000004,88,6.3,9,1.143656,862.0,88224.0,Drama,Lisa Krueger,3.0,2.0,5.0,N,-0.3143294629760498,0.5272141915303383
0115736,Bound,1996,4.5,7.011317,108,6.9,203,12.449574,866.0,9303.0,Drama|Thriller,Lana Wachowski,55.0,2.0,57.0,N,-0.1357478920251369,0.5687644380619734
0120004,The Relic,1997,60.0,33.956608,110,5.8,130,7.699967,879.0,11015.0,Horror|Thriller,Peter Hyams,8.0,1.0,9.0,N,0.2458115093643232,0.6906207493739529
0116654,The Island of Dr. Moreau,1996,40.0,49.627779,96,4.6,148,12.725342999999999,880.0,9306.0,Sci-Fi|Thriller,John Frankenheimer,72.0,0.0,72.0,N,0.0755015196600122,0.6011477037966629
0115783,Bulletproof,1996,25.0,22.611954,84,5.4,164,7.859132000000001,886.0,10723.0,Action|Comedy,Ernest R. Dickerson,15.0,4.0,19.0,9887580,-0.3355454444613537,-0.2975095178533425
0113253,Halloween: The Curse of Michael Myers,1995,5.0,15.116634,88,5.0,173,8.768288,891.0,10987.0,Horror|Thriller,Joe Chappelle,75.0,26.0,101.0,0120694|0220506|1502407|1066533|1066534|0077651|0082495|0085636|0095271|0097474,-0.328911979188451,-0.1638409152321984
0045152,Singin' in the Rain,1952,2.5408,7.2,103,7.9,747,11.064858000000001,899.0,872.0,Comedy|Musical,Stanley Donen,644.0,18.0,662.0,N,-0.6844540086823347,0.083549676998741
0043278,An American in Paris,1951,2.723903,4.5,113,6.9,133,5.5652029999999995,900.0,2769.0,Musical,Vincente Minnelli,121.0,3.0,124.0,N,-0.5503352829905117,0.5507029549743228
0054698,Breakfast at Tiffany's,1961,2.5,9.5,110,7.6,1082,10.879289,902.0,164.0,Drama,Blake Edwards,398.0,4.0,402.0,N,-0.7679379848501308,-0.1294614904203634
0052357,Vertigo,1958,2.479,28.0,128,8.0,1162,18.20822,903.0,426.0,Drama|Thriller,Alfred Hitchcock,621.0,6.0,627.0,0230277|1204319|0265452,-0.3153367466690367,-0.5816003404860239
0047396,Rear Window,1954,1.0,36.764313,112,8.2,1531,17.911314,904.0,567.0,Thriller,Alfred Hitchcock,441.0,2.0,443.0,0206813|0166322,0.4503250403848219,0.4176057851043946
0025316,It Happened One Night,1934,0.325,4.5,105,7.7,283,6.465257,905.0,3078.0,Comedy,Frank Capra,253.0,2.0,255.0,0027683|0244625|0037685|0038894|0049973|0049072|6591028|0101733|3171674|1093370|0024977,-0.6265188819259853,0.2499402332958711
0053125,North by Northwest,1959,4.0,13.275,136,7.8,1062,12.410427,908.0,213.0,Action|Adventure|Thriller,Alfred Hitchcock,443.0,4.0,447.0,N,0.4062813518661992,0.4737665275287085
0053604,The Apartment,1960,3.0,25.0,125,8.1,498,11.994280999999999,909.0,284.0,Comedy|Drama,Billy Wilder,146.0,14.0,160.0,0069152|0314486|0482249|0800956|8634598,-0.6444652753603325,0.3394842984703607
0053291,Some Like It Hot,1959,2.883848,25.0,122,8.0,835,11.845107,910.0,239.0,Comedy,Billy Wilder,403.0,14.0,417.0,0263343|0470763|0155997|0300925|3362590|0191124|0043522,0.2964685633968749,0.6099668093341287
0056923,Charade,1963,4.0,13.474588,113,7.7,351,7.098731,911.0,4808.0,Comedy|Thriller,Stanley Donen,93.0,7.0,100.0,0151205|0068228|0270707|6064006,-0.0284605038716166,0.0509926854943871
0034583,Casablanca,1942,0.878,10.4625,102,7.9,1462,13.916101000000001,912.0,289.0,Drama,Michael Curtiz,2005.0,6.0,2011.0,0047719|0084994|2498588|0361313|0788538,0.6526466738910779,0.4196556698833543
0058385,My Fair Lady,1964,17.0,72.07073100000001,170,7.4,361,12.494394,914.0,11113.0,Comedy|Drama|Musical,George Cukor,461.0,1.0,462.0,0157965,0.0758659591414325,-0.2714337693574019
0047437,Sabrina,1954,2.2388130000000004,10.0,113,7.4,284,7.3597410000000005,915.0,6620.0,Comedy,Billy Wilder,77.0,2.0,79.0,0923883|0293226|0111793|0114319,0.5535396394278478,-0.1551017627012561
0046250,Roman Holiday,1953,1.5,12.0,119,7.8,502,11.954806,916.0,804.0,Comedy|Drama,William Wyler,187.0,2.0,189.0,0367255|0345446|0351790|0093877,-0.7661530912092468,-0.0962776535425573
0032138,The Wizard of Oz,1939,2.7769999999999997,33.754967,102,7.4,1689,22.064932000000002,919.0,630.0,Adventure|Fantasy|Musical,Victor Fleming,4352.0,5.0,4357.0,0054568|0057453|0067280|0089908|0098950|1623205|0884726|4463218|1617650|2761172|0066801|0089533|0118186|2027255,0.5842987943332427,-0.0863489000044079
0031381,Gone with the Wind,1939,4.0,400.176459,238,7.7,995,14.240357000000001,920.0,770.0,Drama,Victor Fleming,1600.0,1.0,1601.0,0108915|0560623,-0.7578069258091374,0.1681389809592394
0043014,Sunset Boulevard,1950,1.7519999999999998,5.0,110,8.2,533,11.709777,922.0,599.0,Drama,Billy Wilder,510.0,19.0,529.0,0637840|0469609,0.6718501475744015,0.3904780196635241
0033467,Citizen Kane,1941,0.839727,23.217674,119,8.0,1244,15.811921,923.0,15.0,Drama,Orson Welles,1507.0,29.0,1536.0,N,0.1475229710901374,0.7161408750471159
0062622,2001: A Space Odyssey,1968,10.5,68.7,149,7.9,3075,22.494622,924.0,62.0,Adventure|Drama|Sci-Fi,Stanley Kubrick,1660.0,10.0,1670.0,0086837,0.547536628155616,-0.0146441931193835
0042192,All About Eve,1950,1.4,0.063463,138,8.0,367,12.063080000000001,926.0,705.0,Drama,Joseph L. Mankiewicz,295.0,2.0,297.0,0157321|0083761,0.1786120165925038,0.5023062189208605
0032143,The Women,1939,1.6880000000000002,2.27,133,6.4,26,5.076649,927.0,22490.0,Comedy,George Cukor,44.0,0.0,44.0,0049578|0430770,0.388930496345195,-0.6719937398739549
0032976,Rebecca,1940,1.288,6.0,130,7.7,346,8.590813,928.0,223.0,Drama|Thriller,Alfred Hitchcock,164.0,1.0,165.0,0230277|0230009|0400798|1083855|2235695,0.5023092292987698,-0.2078137015319555
0038787,Notorious,1946,2.0,24.464742,102,7.8,345,10.135111,930.0,303.0,Thriller,Alfred Hitchcock,154.0,0.0,154.0,0105022,0.1888633671326601,0.4253318629274291
0038109,Spellbound,1945,1.5,7.0,111,7.3,166,5.47596,931.0,4174.0,Thriller,Alfred Hitchcock,109.0,3.0,112.0,0047239,0.06399090698884201,-0.6658308902937666
0048728,To Catch a Thief,1955,2.5,8.75,106,7.1,299,5.490505000000001,933.0,381.0,Thriller,Alfred Hitchcock,164.0,1.0,165.0,1886731,-0.1108898147584036,-0.7102871413811527
0031725,Ninotchka,1939,1.365,2.279,110,7.3,77,5.120036,936.0,1859.0,Comedy,Ernst Lubitsch,77.0,2.0,79.0,0050972|0212390|0352642,0.1933275344472445,0.6934981354192811
0029843,The Adventures of Robin Hood,1938,2.033,3.9810000000000003,102,7.6,170,10.685036,940.0,10907.0,Action|Adventure,Michael Curtiz,194.0,2.0,196.0,0013556,0.4766532442996068,-0.2658026819968295
0027125,Top Hat,1935,0.609,3.202,101,7.4,62,7.122093,945.0,3080.0,Comedy|Musical,Mark Sandrich,120.0,0.0,120.0,N,0.1250063598662135,-0.4074835803344035
0049261,Giant,1956,5.4,35.0,201,7.5,169,10.864284,948.0,1712.0,Drama|Western,George Stevens,130.0,0.0,130.0,N,-0.020020908691966,-0.4601009929092802
0048028,East of Eden,1955,1e-06,5.000000000000001e-06,115,7.5,163,6.4288300000000005,949.0,220.0,Drama,Elia Kazan,93.0,0.0,93.0,N,0.3225788919170124,-0.4617088009269135
0025878,The Thin Man,1934,0.226408,1.423,93,7.4,97,10.573867,950.0,3529.0,Comedy,W.S. Van Dyke,115.0,0.0,115.0,0027260|0031047|0034172|0037365|0039853|1754720,0.7549260538727586,0.1923456026168092
0048960,Around the World in Eighty Days,1956,6.0,42.0,167,6.5,85,6.164226,952.0,2897.0,Adventure|Comedy,Michael Anderson,73.0,6.0,79.0,2764002|9174578,-0.5200319527588293,-0.5787867422843878
0038650,It's a Wonderful Life,1946,3.18,9.644124,130,8.0,1103,15.031588000000001,953.0,1585.0,Drama|Fantasy,Frank Capra,1085.0,3.0,1088.0,3344128|0076213|0329737,0.6351487117303971,-0.43848469078834995
0031679,Mr. Smith Goes to Washington,1939,1.5,9.6,129,7.9,245,8.168694,954.0,3083.0,Drama,Frank Capra,220.0,0.0,220.0,0075754,-0.3182844998343194,-0.519118273822656
0063350,Night of the Living Dead,1968,0.114,30.0,96,7.5,591,14.384198000000001,968.0,10331.0,Horror|Sci-Fi|Thriller,George A. Romero,1117.0,15.0,1132.0,0077402|0088993|0418819|0848557|1134854|0100258|0489244|2006801|3393372,0.7146377828723988,0.1950184269506856
0043265,The African Queen,1951,1.3,10.75,105,7.4,232,6.636872,969.0,488.0,Adventure|Comedy,John Huston,162.0,1.0,163.0,0075639,0.0615729218249168,0.1762294527868659
0051459,Cat on a Hot Tin Roof,1958,3.0,17.570324,108,7.6,168,11.794846000000001,971.0,261.0,Drama,Richard Brooks,115.0,0.0,115.0,N,-0.4286119497681229,0.1946756043592107
0117011,Maximum Risk,1996,25.0,51.702483,100,5.3,104,7.370163000000001,990.0,10861.0,Action|Adventure|Thriller,Ringo Lam,7.0,0.0,7.0,N,-0.1545792267159736,-0.6638559135342439
0117039,Michael Collins,1996,28.0,16.9,132,6.8,98,6.728199000000001,991.0,1770.0,Drama,Neil Jordan,13.0,4.0,17.0,N,0.3065964201129926,-0.2306202423104466
0116830,Last Man Standing,1996,67.0,47.267001,101,6.2,263,11.845918,996.0,9333.0,Action|Drama|Thriller,Walter Hill,11.0,4.0,15.0,0055630|0058461,0.2130563380461261,0.0805797991639355
0117603,Set It Off,1996,9.0,41.590886,118,6.9,66,6.85606,998.0,9400.0,Action,F. Gary Gray,21.0,4.0,25.0,N,0.0092671900769838,0.5555372826760965
0116259,Extreme Measures,1996,38.0,17.380126,118,5.7,80,4.990506,1003.0,11306.0,Drama|Thriller,Michael Apted,11.0,2.0,13.0,N,-0.0674844971896707,0.7323720425868787
0115862,The Chamber,1996,50.0,22.540359,113,5.9,62,3.9984940000000004,1006.0,6346.0,Drama,James Foley,6.0,0.0,6.0,N,0.4028018139758251,0.5385733883765186
0046672,"20,000 Leagues Under the Sea",1954,5.0,28.2,127,6.9,160,8.722406,1019.0,173.0,Adventure|Drama|Sci-Fi,Richard Fleischer,148.0,0.0,148.0,0055207|0065522|1351678,0.7726917755271064,-0.080670255129836
0106611,Cool Runnings,1993,14.0,154.86440100000002,98,6.8,510,8.307210000000001,1020.0,864.0,Comedy,Jon Turteltaub,100.0,3.0,103.0,N,0.1101508222644862,0.45298476008715005
0042332,Cinderella,1950,2.9000000000000004,263.591415,74,6.8,1760,14.436857999999999,1022.0,11224.0,Animation|Fantasy|Musical,Clyde Geronimi,634.0,3.0,637.0,0291082|0465940|0128996|1661199|1015593|0158472,0.1730446519572682,0.7573092660226703
0057546,The Sword in the Stone,1963,3.0,22.182353000000006,79,6.9,935,10.636458,1025.0,9078.0,Animation|Fantasy|Musical,Wolfgang Reitherman,165.0,5.0,170.0,4872762,-0.3781449732019317,-0.3553801717100859
0102798,Robin Hood: Prince of Thieves,1991,48.0,390.4939079999,143,6.6,937,10.639244,1027.0,8367.0,Adventure|Drama,Kevin Reynolds,176.0,3.0,179.0,0117436,0.6006664878494371,0.4130537658043363
0058331,Mary Poppins,1964,6.0,102.272727,139,7.4,1217,15.11549,1028.0,433.0,Comedy|Fantasy|Musical,Robert Stevenson,1004.0,3.0,1007.0,5028340,-0.5750754140798812,0.1373576012335022
0033563,Dumbo,1941,0.812,1.6,64,6.8,1206,14.655879,1029.0,11360.0,Animation|Drama|Musical,Samuel Armstrong,538.0,3.0,541.0,3861390,0.4181613255758743,-0.3168605903348608
0066817,Bedknobs and Broomsticks,1971,20.0,17.9,117,6.8,260,10.362012,1031.0,12335.0,Adventure|Musical,Robert Stevenson,92.0,2.0,94.0,N,-0.0791855697671885,0.1216888779847886
0043274,Alice in Wonderland,1951,3.0,572.0,75,7.0,1557,16.488937,1032.0,12092.0,Adventure|Animation|Fantasy|Musical,Hamilton Luske,384.0,2.0,386.0,N,-0.1246770674879318,0.4831660226665069
0082406,The Fox and the Hound,1981,12.0,29.8,82,7.0,884,10.197106,1033.0,10948.0,Animation|Drama,Ted Berman,97.0,3.0,100.0,0465997,-0.7758995092268749,-0.0643012717526433
0059742,The Sound of Music,1965,8.2,286.21428599999996,174,7.4,966,9.067730000000001,1035.0,15121.0,Musical,Robert Wise,1005.0,0.0,1005.0,0429072,-0.3615894014664011,0.1120970118570979
0095016,Die Hard,1988,28.0,140.767956,131,7.5,4005,16.640522,1036.0,562.0,Action|Thriller,John McTiernan,1205.0,15.0,1220.0,0099423|0112864|0337978|1606378,0.4160257226573426,-0.1359814284822718
0104692,The Lawnmower Man,1992,10.0,32.101000000000006,108,5.4,198,6.685948,1037.0,10163.0,Action|Horror|Sci-Fi|Thriller,Brett Leonard,84.0,5.0,89.0,0116839,-0.5921251001024547,0.2992368300161545
0117589,Secrets & Lies,1996,4.5,13.417292000000002,142,7.1,127,11.223572,1041.0,11159.0,Drama,Mike Leigh,63.0,2.0,65.0,N,0.3780509823554823,0.2550304192730754
0117791,Surviving Picasso,1996,16.0,1.985001,125,5.3,21,2.167132,1044.0,41843.0,Drama,James Ivory,5.0,0.0,5.0,N,0.7757018377130992,0.0209549721015283
0116908,The Long Kiss Goodnight,1996,65.0,89.456761,120,6.4,323,14.482345,1047.0,11412.0,Action|Drama|Thriller,Renny Harlin,47.0,18.0,65.0,N,-0.6284758180116093,0.3878214625665767
0116409,The Ghost and the Darkness,1996,50.0,75.0,109,6.4,238,10.789928,1049.0,10586.0,Action|Adventure,Stephen Hopkins,18.0,2.0,20.0,0249818|0044462,0.2223940834971827,0.2259973523480018
0116404,Get on the Bus,1996,2.4,5.731103,120,7.0,11,5.2306610000000004,1054.0,49471.0,Drama,Spike Lee,18.0,4.0,22.0,N,0.0703543116501013,0.7734534756910159
0120107,Shadow Conspiracy,1997,45.0,2.1545400000000003,103,4.0,12,3.733574,1055.0,38153.0,Thriller,George P. Cosmatos,1.0,4.0,5.0,N,-0.4903334769155877,-0.6032579524492415
0116722,Jude,1996,7.0,0.405,123,6.6,38,3.3796769999999996,1056.0,25147.0,Drama,Michael Winterbottom,7.0,1.0,8.0,N,-0.5317890372573757,-0.4250361446696887
0117509,Romeo + Juliet,1996,14.5,147.29876099999996,120,6.7,1406,11.774061,1059.0,454.0,Drama,Baz Luhrmann,177.0,5.0,182.0,N,0.1698933348182726,0.3037567972699991
0117802,Swingers,1996,0.2,4.505922,94,6.8,255,6.578025,1060.0,10218.0,Comedy|Drama,Doug Liman,129.0,28.0,157.0,N,-0.5415793622044649,0.028037976962814
0117665,Sleepers,1996,44.0,165.615285,147,7.3,729,9.198283,1061.0,819.0,Thriller,Barry Levinson,19.0,8.0,27.0,N,-0.0452965320915127,-0.0348075099165356
0067992,Willy Wonka & the Chocolate Factory,1971,3.0,4.0,100,7.4,826,12.416635000000001,1073.0,252.0,Comedy|Fantasy|Musical,Mel Stuart,807.0,5.0,812.0,0367594|3872780|6803390,0.5138089016103854,-0.0886448429392416
0070707,Sleeper,1973,2.0,18.344729,89,7.0,206,6.048904,1077.0,11561.0,Comedy|Sci-Fi,Woody Allen,60.0,18.0,78.0,N,0.3555543681684959,-0.5811653985267836
0066808,Bananas,1971,2.0,11.833696,82,6.7,167,4.331819,1078.0,11302.0,Comedy,Woody Allen,49.0,10.0,59.0,N,0.0596402310115289,0.6690999651341408
0095159,A Fish Called Wanda,1988,7.5,62.493712,108,7.1,576,11.400352999999999,1079.0,623.0,Comedy,Charles Crichton,128.0,5.0,133.0,0435259,-0.6045921113946587,0.0761672485093104
0079470,Life of Brian,1979,4.0,20.045115,94,7.7,1230,10.714172999999999,1080.0,583.0,Comedy,Terry Jones,258.0,13.0,271.0,0084352|0085959|0287570|0220292|3872778|0063929|0066765|0202477|0071853,-0.3175783534284695,-0.4258235414531509
0059243,The Great Race,1965,12.0,25.333333,160,7.2,64,4.473326999999999,1083.0,11575.0,Comedy|Musical,Blake Edwards,56.0,13.0,69.0,N,0.2928152965031776,-0.6767739021561414
0061418,Bonnie and Clyde,1967,2.5,50.7,111,7.6,384,12.109198,1084.0,475.0,Drama,Arthur Penn,380.0,2.0,382.0,N,0.7782369086516069,-0.0150015632744336
0046912,Dial M for Murder,1954,1.4,3.0,104,7.9,539,7.853231,1086.0,521.0,Thriller,Alfred Hitchcock,195.0,0.0,195.0,0503488|1267103|0353795,-0.2662470945752314,-0.6907744778772463
0092890,Dirty Dancing,1987,6.0,213.95427400000003,100,7.1,1371,14.044122,1088.0,88.0,Drama|Musical,Emile Ardolino,544.0,5.0,549.0,0094450|0338096|0461062,0.0208225809100663,0.3313365283375428
0105236,Reservoir Dogs,1992,1.2,14.661007000000001,99,8.1,3821,12.22034,1089.0,500.0,Thriller,Quentin Tarantino,638.0,69.0,707.0,0294662|2306707|6493238,-0.7102248780584947,-0.3184761143133214
0091763,Platoon,1986,6.0,138.530565,120,7.5,1236,18.206972,1090.0,792.0,Drama,Oliver Stone,254.0,3.0,257.0,0096969|0107096,0.5290735355344337,0.2164222326361854
0098627,Weekend at Bernie's,1989,6.5,30.218387,97,6.4,255,8.051891,1091.0,8491.0,Comedy,Ted Kotcheff,212.0,4.0,216.0,0108539|0476819,-0.5139057279016773,-0.5152628221956003
0103772,Basic Instinct,1992,49.0,352.927224,127,6.5,869,16.628427,1092.0,402.0,Thriller,Paul Verhoeven,410.0,15.0,425.0,0430912|1177899,0.5963694032275845,-0.4048058904279735
0101761,The Doors,1991,38.0,34.416893,140,6.7,285,7.829619,1093.0,10537.0,Drama,Oliver Stone,90.0,6.0,96.0,N,-0.4051257654168066,0.6644679593738173
0104036,The Crying Game,1992,3.7055379999999998,62.548947,112,6.9,180,7.404329,1094.0,11386.0,Drama|Thriller,Neil Jordan,163.0,5.0,168.0,0286672,-0.3183713717013299,-0.7052452821621925
0104348,Glengarry Glen Ross,1992,12.5,10.725228,100,7.5,330,6.792215,1095.0,9504.0,Drama,James Foley,163.0,1.0,164.0,N,-0.1703817574769707,-0.1084174083916978
0084707,Sophie's Choice,1982,12.0,30.036,151,7.4,149,15.417202,1096.0,15764.0,Drama,Alan J. Pakula,235.0,1.0,236.0,N,0.5475186313982076,-0.5479773827172056
0083866,E.T. the Extra-Terrestrial,1982,10.5,792.965326,115,7.3,3359,19.358546,1097.0,601.0,Drama|Sci-Fi,Steven Spielberg,1903.0,23.0,1926.0,0334917|0422429,-0.5441855050843594,-0.5531439329457043
0099371,Days of Thunder,1990,60.0,157.920733,107,5.9,359,7.046753,1100.0,2119.0,Action|Drama,Tony Scott,111.0,0.0,111.0,N,0.7348169721381085,-0.0091287893494102
0092099,Top Gun,1986,15.0,356.830601,110,6.7,1736,20.301019,1101.0,744.0,Action,Tony Scott,880.0,0.0,880.0,1745960|0099575|1637998,-0.6453932731137961,0.1911374828605942
0044081,A Streetcar Named Desire,1951,1.7999999999999998,8.0,125,7.6,291,7.301719,1104.0,702.0,Drama,Elia Kazan,394.0,1.0,395.0,N,-0.0201744923331341,-0.6157690532542344
0116378,The Funeral,1996,12.5,1.227324,99,7.3,31,2.772039,1114.0,21612.0,Drama,Abel Ferrara,7.0,2.0,9.0,N,0.1510393244398194,-0.2785765773783148
0117318,The People vs. Larry Flynt,1996,36.0,20.300385000000002,129,6.8,257,9.178371,1120.0,1630.0,Comedy|Drama,Miloš Forman,39.0,5.0,44.0,N,-0.5129300420607339,0.094973018116102
0072081,The Return of the Pink Panther,1975,5.0,41.833346999999996,113,6.7,138,6.501176999999999,1125.0,11843.0,Comedy,Blake Edwards,52.0,13.0,65.0,0075066|0078163|0084814|0085384|0108187|0057413|0058586|0063135,-0.3807486510109394,-0.5480392334577329
0101775,Drop Dead Fred,1991,6.787999999999999,13.878333999999999,103,5.9,107,7.881010000000001,1126.0,10379.0,Comedy|Fantasy,Ate de Jong,43.0,1.0,44.0,2404579|1427206,0.4798272256556812,-0.5540161121561329
0096754,The Abyss,1989,70.0,90.000098,139,7.1,822,9.809585,1127.0,2756.0,Action|Adventure|Sci-Fi|Thriller,James Cameron,162.0,8.0,170.0,N,-0.6354058298576839,-0.2696455587118455
0080749,The Fog,1980,1.0,21.378361,89,6.4,318,9.194572,1128.0,790.0,Horror,John Carpenter,109.0,4.0,113.0,0432291,-0.4347441162408343,-0.5825713286576295
0082340,Escape from New York,1981,6.0,50.2447,99,6.9,720,10.124544,1129.0,1103.0,Action|Adventure|Sci-Fi|Thriller,John Carpenter,261.0,4.0,265.0,0116225|0984981,-0.1644245851181975,-0.3505056486225452
0082533,The Howling,1981,1.0,17.985893,91,6.4,165,6.7155119999999995,1130.0,11298.0,Horror,Joe Dante,121.0,15.0,136.0,0089308|0093227|0095334|0097534|0102067|0113349|1554092,-0.6499639403709362,0.1318552764164088
0071853,Monty Python and the Holy Grail,1975,0.4,5.028948000000001,91,7.8,1742,10.43389,1136.0,762.0,Adventure|Comedy|Fantasy,Terry Gilliam,652.0,26.0,678.0,0079470|0084352|0085959|0287570|0220292|3872778|8369688|9751834|0063929|0066765|0202477,-0.3203948753787624,-0.4348368908660734
0115610,Bad Moon,1996,7.0,1.1,80,5.7,33,2.6610259999999997,1168.0,49763.0,Action|Adventure|Horror,Eric Red,3.0,1.0,4.0,N,0.6446032841294779,-0.1132350360116527
0101700,Delicatessen,1991,4.0,1.794187,99,7.4,320,12.565447,1175.0,892.0,Comedy|Drama,Jean-Pierre Jeunet,27.0,9.0,36.0,N,0.1648759169095833,0.1523186625272033
0116209,The English Patient,1996,27.0,231.976425,162,7.0,559,15.564160999999999,1183.0,409.0,Drama,Anthony Minghella,138.0,4.0,142.0,N,-0.669933933605655,0.2975819415685676
0097937,My Left Foot: The Story of Christy Brown,1989,0.64518,14.743391,103,7.5,208,5.841931,1185.0,10161.0,Drama,Jim Sheridan,83.0,0.0,83.0,N,0.4008042742504953,-0.6144654618826323
0105488,Strictly Ballroom,1992,3.0,33.946224,94,6.2,83,3.233531,1188.0,10409.0,Comedy,Baz Luhrmann,52.0,0.0,52.0,N,0.3958419229625568,0.3725460145322699
0102370,Madonna: Truth or Dare,1991,4e-06,2.8999999999999997e-05,119,6.3,32,1.325299,1191.0,10174.0,Documentary|Musical,Alek Keshishian,45.0,8.0,53.0,N,0.4293626639925268,-0.5714160018682302
0100332,Paris is Burning,1990,0.5,3.7796199999999995,71,8.2,67,4.1012949999999995,1192.0,31225.0,Documentary,Jennie Livingston,25.0,10.0,35.0,N,-0.4399598786911384,0.3342779458469513
0073486,One Flew Over the Cuckoo's Nest,1975,3.0,108.9812749999,133,8.3,3001,35.529554,1193.0,510.0,Drama,Miloš Forman,590.0,3.0,593.0,7423538|0255641|4246776|0451787,-0.6978163725575758,0.3412401840098051
0080684,The Empire Strikes Back,1980,18.0,538.4,124,8.2,5998,19.470959,1196.0,1891.0,Action|Adventure|Sci-Fi,Irvin Kershner,2666.0,6.0,2672.0,0086190|0120915|0121765|0121766|2488496|2527336|2527338|0076759,0.7038595605925579,-0.27447933287589604
0093779,The Princess Bride,1987,16.0,30.857814,98,7.6,1518,15.15267,1197.0,2493.0,Action|Adventure|Comedy|Fantasy,Rob Reiner,557.0,7.0,564.0,1259780,-0.1528878966397157,-0.4524066490490094
0082971,Raiders of the Lost Ark,1981,18.0,389.925971,115,7.7,3949,19.901576000000002,1198.0,85.0,Action|Adventure,Steven Spielberg,2151.0,32.0,2183.0,0087469|0097576|0367882|1462764|0772251,-0.2299228520163837,-0.5186873849876623
0090605,Aliens,1986,18.5,183.316455,137,7.7,3282,21.761179000000002,1200.0,679.0,Action|Adventure|Horror|Sci-Fi,James Cameron,972.0,20.0,992.0,0103644|0118583|0078748,0.1044799782529848,0.0394081583704524
0060196,"The Good, the Bad and the Ugly",1966,1.2,6.0,161,8.1,2371,16.788787,1201.0,429.0,Action|Adventure|Western,Sergio Leone,801.0,12.0,813.0,0313588|0109959|0058461|0059578,-0.274095596733308,0.5759068540796191
0050083,12 Angry Men,1957,0.35,1.0,96,8.2,2130,16.503959,1203.0,389.0,Drama,Sidney Lumet,212.0,4.0,216.0,0556204|0122737,-0.2286387136902745,-0.4222499285471116
0056172,Lawrence of Arabia,1962,15.0,69.995385,216,7.8,870,10.893332000000001,1204.0,947.0,Adventure|Drama,David Lean,484.0,3.0,487.0,0099356,-0.522719313450858,0.5759673013434754
0066921,A Clockwork Orange,1971,2.2,26.589000000000002,136,8.0,3432,17.112594,1206.0,185.0,Drama|Sci-Fi|Thriller,Stanley Kubrick,902.0,18.0,920.0,4042592,0.7680299873743209,-0.1161233962724352
0056592,To Kill a Mockingbird,1962,2.0,13.129845999999999,129,7.9,676,14.284787,1207.0,595.0,Drama,Robert Mulligan,202.0,1.0,203.0,N,0.2756283713043044,-0.3558997707918612
0078788,Apocalypse Now,1979,31.5,89.46038100000001,153,8.0,2112,13.5963,1208.0,28.0,Action|Drama,Francis Ford Coppola,1291.0,14.0,1305.0,N,-0.6995880973742049,-0.2399609491507192
0064116,Once Upon a Time in the West,1968,5.0,5.321508000000001,175,8.1,1160,15.589351,1209.0,335.0,Action|Drama|Western,Sergio Leone,249.0,23.0,272.0,N,0.10503489433153501,-0.7184040658401942
0086190,Return of the Jedi,1983,32.35,572.6999999999998,135,7.9,4763,14.586087,1210.0,1892.0,Action|Adventure|Sci-Fi,Richard Marquand,1741.0,20.0,1761.0,0120915|0121765|0121766|2488496|2527336|2527338|0076759|0080684,0.7038595605925586,-0.2744793328758952
0093191,Wings of Desire,1987,2.5,3.2,128,7.5,256,6.357321,1211.0,144.0,Drama|Fantasy,Wim Wenders,55.0,6.0,61.0,0107209|0120632,-0.5017849738513124,0.1790061131290296
0099685,GoodFellas,1990,25.0,46.836394,145,8.2,3211,15.424092000000002,1213.0,769.0,Drama,Martin Scorsese,755.0,20.0,775.0,N,0.4968427144612761,-0.3739690499740323
0078748,Alien,1979,11.0,104.93180099989999,117,7.9,4564,23.37742,1214.0,348.0,Horror|Sci-Fi,Ridley Scott,1536.0,14.0,1550.0,0090605|0103644|0118583,0.1044799782529847,0.0394081583704525
0089881,Ran,1985,11.5,4.069653,162,7.9,349,12.250232,1217.0,11645.0,Drama,Akira Kurosawa,59.0,1.0,60.0,N,0.6879613847818221,0.3595841998547145
0054215,Psycho,1960,0.806948,32.0,109,8.3,2405,36.826309,1219.0,539.0,Horror,Alfred Hitchcock,2165.0,4.0,2169.0,0086154|0091799|0092622|0102724|0155975|2188671|0155975,-0.2165821185203365,-0.7468355588661248
0080455,The Blues Brothers,1980,27.0,115.22989,133,7.5,1092,10.076901,1220.0,525.0,Action|Comedy|Musical,John Landis,527.0,21.0,548.0,0472243|0118747,0.2525773121395835,-0.5847094576493884
0071562,The Godfather: Part II,1974,13.0,47.542840999999996,200,8.3,3418,36.629307,1221.0,240.0,Drama,Francis Ford Coppola,516.0,6.0,522.0,0099674|0908264|0068646,-0.1570948852677438,0.0120370108673736
0093058,Full Metal Jacket,1987,17.0,46.357676,116,7.9,2595,13.941479999999999,1222.0,600.0,Drama,Stanley Kubrick,542.0,24.0,566.0,N,0.7553702173152205,-0.19448439174426999
0086879,Amadeus,1984,18.0,51.973029,160,7.8,1107,12.677592,1225.0,279.0,Drama,Miloš Forman,174.0,3.0,177.0,N,-0.3511603107106997,-0.6394614437935823
0081398,Raging Bull,1980,18.0,23.0,129,7.7,968,8.868558,1228.0,1578.0,Drama,Martin Scorsese,490.0,11.0,501.0,1148205,-0.0569321985056645,0.6685839897850862
0075686,Annie Hall,1977,4.0,38.251425,93,7.8,1044,18.146043,1230.0,703.0,Comedy,Woody Allen,381.0,20.0,401.0,N,0.2386305293711998,0.6328215828014848
0086197,The Right Stuff,1983,27.0,21.5,193,7.4,241,14.902397,1231.0,9549.0,Drama,Philip Kaufman,199.0,3.0,202.0,N,-0.5332687555731028,0.4027039030436324
0082096,Das Boot,1981,14.0,85.0,149,7.9,623,8.80338,1233.0,387.0,Action|Drama,Wolfgang Petersen,144.0,1.0,145.0,5830254,0.5890870090780191,-0.3455139841123248
0070735,The Sting,1973,5.5,159.616327,129,7.9,639,12.016821,1234.0,9277.0,Comedy,George Roy Hill,213.0,2.0,215.0,0086370|0182777,0.2904710666057714,-0.16138415644437398
0088247,The Terminator,1984,6.4,78.3712,108,7.4,4208,19.293561999999998,1240.0,218.0,Action|Sci-Fi|Thriller,James Cameron,1989.0,30.0,2019.0,0103064|0181852|0438488|1340138|6450804|3585942,-0.0751347701980384,0.3608232246911068
0103873,Braindead,1992,3.0,0.242623,104,7.4,388,13.645567999999999,1241.0,763.0,Comedy|Fantasy|Horror,Peter Jackson,133.0,18.0,151.0,N,-0.2085657086439298,-0.7043774917508586
0097441,Glory,1989,18.0,26.828365,122,7.4,391,7.521346,1242.0,9665.0,Drama,Edward Zwick,101.0,2.0,103.0,N,-0.3363476065253994,-0.0473118235282831
0100150,Miller's Crossing,1990,14.0,5.0804089999999995,115,7.5,431,7.495853,1245.0,379.0,Drama|Thriller,Joel Coen,62.0,8.0,70.0,N,0.2696757762439283,0.7286836706029529
0097165,Dead Poets Society,1989,16.4,235.860116,129,8.1,2786,19.905716,1246.0,207.0,Drama,Peter Weir,220.0,4.0,224.0,0277799,0.3506985980140538,0.6397511967374372
0061722,The Graduate,1967,3.0,104.945305,106,7.6,855,12.057829,1247.0,37247.0,Comedy|Drama,Mike Nichols,723.0,3.0,726.0,N,0.0144230433505179,0.4797148284588586
0052311,Touch of Evil,1958,0.8290000000000001,2.247465,95,7.6,292,9.665347,1248.0,1480.0,Thriller,Orson Welles,242.0,3.0,245.0,N,-0.2883267810856153,-0.7240416745079886
0050212,The Bridge on the River Kwai,1957,3.0,27.2,161,7.7,554,8.851646,1250.0,826.0,Adventure|Drama,David Lean,265.0,2.0,267.0,N,-0.3844354182565319,0.2788868765663569
0071315,Chinatown,1974,6.0,30.0,130,7.9,939,12.29227,1252.0,829.0,Thriller,Roman Polanski,403.0,2.0,405.0,0100828,-0.3835281990094308,0.6284037418017635
0040897,The Treasure of the Sierra Madre,1948,3.8,4.307,126,7.9,285,8.070589,1254.0,3090.0,Action|Adventure|Drama|Western,John Huston,286.0,1.0,287.0,0540151|0088390|1527139|0117373,0.3960181448306658,-0.448115018515724
0081505,The Shining,1980,19.0,44.017374,144,8.1,3890,19.611589000000002,1258.0,694.0,Horror,Stanley Kubrick,1829.0,29.0,1858.0,5606664,-0.2923990545411621,0.6341932321343174
0092005,Stand by Me,1986,8.0,52.28741400000001,89,7.8,1568,15.206957000000001,1259.0,235.0,Adventure|Drama,Rob Reiner,298.0,38.0,336.0,N,-0.4511193274031789,-0.230313786066462
0092991,Evil Dead II,1987,3.6,5.923044,84,7.5,760,13.520764000000002,1261.0,765.0,Action|Comedy|Fantasy|Horror,Sam Raimi,376.0,38.0,414.0,0106308|4189022|1334560|0083907,-0.2281014562423554,0.7037625379718838
0057115,The Great Escape,1963,4.0,11.744471,172,7.8,731,14.384114000000002,1262.0,5925.0,Action|Adventure|Drama,John Sturges,406.0,1.0,407.0,0095252,-0.5921662893038657,-0.5024722367397403
0077416,The Deer Hunter,1978,15.0,50.0,183,7.8,943,7.729445,1263.0,11778.0,Drama,Michael Cimino,298.0,3.0,301.0,N,0.1214516715129103,-0.1767136291255538
0107048,Groundhog Day,1993,14.6,70.906973,101,7.4,2358,12.989627,1265.0,137.0,Comedy|Fantasy,Harold Ramis,398.0,13.0,411.0,0374358,0.2419378818216452,-0.5088488383362338
0105695,Unforgiven,1992,14.0,159.157447,131,7.7,1133,10.942149,1266.0,33.0,Drama|Western,Clint Eastwood,166.0,8.0,174.0,2347134,0.5510898888343176,0.3801250902352747
0056218,The Manchurian Candidate,1962,80.0,96.10591,126,7.7,188,7.991677,1267.0,982.0,Thriller,John Frankenheimer,186.0,7.0,193.0,0368008,-0.6425107240790531,0.4366331629197027
0088763,Back to the Future,1985,19.0,381.1097619999,116,8.0,6239,25.778509,1270.0,105.0,Adventure|Comedy|Sci-Fi,Robert Zemeckis,1899.0,31.0,1930.0,0096874|0099088|0101042|4961498|1396208,0.5454635023475239,0.5513550492071915
0101921,Fried Green Tomatoes,1991,11.0,119.418501,130,7.6,298,6.584254,1271.0,1633.0,Comedy|Drama,Jon Avnet,56.0,0.0,56.0,N,0.3029809120895401,-0.6196114345728804
0066206,Patton,1970,12.0,89.8,172,7.3,327,14.382289000000002,1272.0,11202.0,Drama,Franklin J. Schaffner,301.0,0.0,301.0,0091383,0.092383606705135,-0.5085893619669258
0094625,Akira,1988,8.0,0.553171,124,7.8,792,10.888917,1274.0,149.0,Action|Adventure|Animation|Sci-Fi,Katsuhiro Ōtomo,218.0,25.0,243.0,1059188|1134795,0.7137141245179929,0.2972889814290684
0091203,Highlander,1986,16.0,5.9,116,6.8,642,16.870392000000002,1275.0,8009.0,Action|Adventure|Fantasy,Russell Mulcahy,267.0,5.0,272.0,0102034|0103442|0182228|0147773|0110027|0144714|0144964|0299981|0465657|1235529,-0.1027166142276599,0.2200198602945205
0061512,Cool Hand Luke,1967,3.0,16.217773,126,7.7,390,9.718713000000001,1276.0,903.0,Drama,Stuart Rosenberg,303.0,0.0,303.0,N,-0.228485447334015,-0.1715039362168169
0072431,Young Frankenstein,1974,2.8,86.273333,106,7.7,880,9.339316,1278.0,3034.0,Comedy|Fantasy,Mel Brooks,373.0,20.0,393.0,0362137,0.7061261350675972,-0.1382978032378202
0102536,Night on Earth,1991,3.5,2.0158099999999997,129,7.5,165,8.291886,1279.0,339.0,Comedy|Drama,Jim Jarmusch,22.0,20.0,42.0,N,-0.7511010763458114,-0.2045344717559556
0032553,The Great Dictator,1940,2.0,11.0,125,8.1,756,9.241748,1281.0,914.0,Comedy|Drama,Charlie Chaplin,186.0,2.0,188.0,N,0.4606986177849927,0.2369547555794747
0032455,Fantasia,1940,2.28,83.32,124,7.2,831,8.03796,1282.0,756.0,Animation|Fantasy|Musical,Samuel Armstrong,567.0,5.0,572.0,0120910,0.5679138758557908,-0.5239571667162556
0044706,High Noon,1952,0.73,8.0,85,7.6,343,16.715935,1283.0,288.0,Drama|Western,Fred Zinnemann,358.0,0.0,358.0,3559256|0080870|0244536|6068198,0.7270189026222925,-0.0947478893733354
0052618,Ben-Hur,1959,15.0,146.9,212,7.5,660,14.319742999999999,1287.0,665.0,Action|Adventure|Drama,William Wyler,426.0,1.0,427.0,N,-0.0870926423812304,-0.1372536346597471
0088258,This Is Spinal Tap,1984,2.5,4.736202,82,7.6,413,13.981499,1288.0,11031.0,Comedy,Rob Reiner,418.0,16.0,434.0,0123278|1511464,-0.6364736029715862,-0.3793096820949028
0097576,Indiana Jones and the Last Crusade,1989,48.0,474.17180599999995,127,7.6,3221,14.788986999999999,1291.0,89.0,Action|Adventure,Steven Spielberg,514.0,21.0,535.0,0367882|1462764|0082971|0087469,-0.2207553255827358,-0.5180814577842663
0083987,Gandhi,1982,22.0,77.737889,191,7.4,730,12.383755,1293.0,783.0,Drama,Richard Attenborough,182.0,0.0,182.0,N,-0.434555347547278,-0.6415746357479817
0096332,The Unbearable Lightness of Being,1988,17.0,10.006806,171,7.0,89,6.8151470000000005,1295.0,10644.0,Drama,Philip Kaufman,49.0,0.0,49.0,N,0.599547377950114,0.2014115719828844
0091867,A Room with a View,1985,3.0,20.966644,117,6.9,164,6.175166,1296.0,11257.0,Drama,James Ivory,80.0,1.0,81.0,N,-0.5709274467953191,0.47218158053263104
0084503,Pink Floyd: The Wall,1982,12.0,22.244207,95,7.7,363,6.773407000000001,1298.0,12104.0,Drama|Musical,Alan Parker,120.0,10.0,130.0,0433619,0.5910839806203266,0.5020103794025959
0087553,The Killing Fields,1984,14.4,34.700291,141,7.5,180,11.460364,1299.0,625.0,Drama,Roland Joffé,54.0,0.0,54.0,N,0.4190345052620186,-0.6546107025580075
0049223,Forbidden Planet,1956,1.9,3.25,98,7.2,238,6.3799660000000005,1301.0,830.0,Drama|Sci-Fi,Fred M. Wilcox,260.0,0.0,260.0,1317479,0.1902761919574769,-0.5935841842189905
0064115,Butch Cassidy and the Sundance Kid,1969,6.0,102.30888900000001,110,7.4,659,6.714577,1304.0,642.0,Action|Western,George Roy Hill,449.0,5.0,454.0,0078919|0049848,0.0741868547226772,-0.3467017134509235
0087884,"Paris, Texas",1984,1.746964,2.181987,147,7.7,282,11.635836999999999,1305.0,655.0,Drama,Wim Wenders,66.0,7.0,73.0,N,-0.7290299713696209,-0.1456911190305371
0098635,When Harry Met Sally...,1989,16.0,92.823546,96,7.3,974,8.34322,1307.0,639.0,Comedy,Rob Reiner,479.0,10.0,489.0,0378072,0.0338233140711515,0.7764326493397837
0103644,Alien³,1992,50.0,159.77354499999998,114,6.2,1664,17.126768,1320.0,8077.0,Action|Horror|Sci-Fi|Thriller,David Fincher,219.0,7.0,226.0,0118583|0078748|0090605,0.1044799782529847,0.0394081583704523
0082010,An American Werewolf in London,1981,10.0,31.973249000000006,97,7.2,571,13.390801999999999,1321.0,814.0,Comedy|Horror|Thriller,John Landis,299.0,28.0,327.0,0118604|1465834,0.5881380292036695,0.3306937296213329
0056869,The Birds,1963,2.5,11.403529,119,7.3,959,11.591462,1333.0,571.0,Horror|Thriller,Alfred Hitchcock,513.0,3.0,516.0,0109275|0884788,0.5207867584771718,0.2953162167965401
0103874,Dracula,1992,40.0,215.862692,128,7.1,1087,16.777675,1339.0,6114.0,Fantasy|Horror|Thriller,Francis Ford Coppola,249.0,12.0,261.0,N,0.4741705073718479,-0.011640324273878
0103919,Candyman,1992,6.0,25.79231,99,6.2,303,12.721362,1342.0,9529.0,Horror|Thriller,Bernard Rose,151.0,5.0,156.0,0112625|0165662,-0.4686409533802654,0.4942806897994182
0101540,Cape Fear,1991,35.0,182.3,128,7.0,692,10.302735,1343.0,1598.0,Thriller,Martin Scorsese,211.0,18.0,229.0,0055824,0.1161557929796565,-0.581210043688989
0074285,Carrie,1976,1.7999999999999998,33.8,98,7.0,977,9.277692,1345.0,7340.0,Drama|Fantasy|Horror|Thriller,Brian De Palma,665.0,10.0,675.0,0144814|0416474|1939659,0.332927474571158,0.7005543721833718
0087800,A Nightmare on Elm Street,1984,1.7999999999999998,25.504513,91,7.2,1212,13.694713,1347.0,377.0,Horror|Thriller,Wes Craven,1276.0,12.0,1288.0,0089686|0093629|0095742|0097981|0101917|0111686|0260155|1179056|4920216,-0.0715852166324327,-0.2874730586480126
0075005,The Omen,1976,2.8,60.92298,111,7.2,485,16.641277,1350.0,794.0,Horror|Thriller,Richard Donner,362.0,3.0,365.0,0077394|0082377|0102585|4337944|5672290|0466909,-0.7137798947067416,0.3084921300360154
0117731,Star Trek: First Contact,1996,46.0,150.0,111,7.0,671,8.808497000000001,1356.0,199.0,Action|Adventure|Sci-Fi|Thriller,Jonathan Frakes,176.0,53.0,229.0,0120844|0244365|0253754|0796366|1408101|2660888|5171438|8806524|9184820|4756228|0060028|0069637|0079945|0084726|0088170|0092007|0092455|0098382|0102975|0106145|0111280|0112178,-0.5929650491766335,-0.1373568283189246
0117666,Sling Blade,1996,1.0,24.444121,135,7.4,236,9.475693,1358.0,12498.0,Drama,Billy Bob Thornton,87.0,1.0,88.0,N,-0.0662982083310746,-0.7360217181677836
0116705,Jingle All the Way,1996,60.0,129.83238899999998,89,5.5,583,7.898202,1359.0,9279.0,Comedy,Brian Levant,127.0,32.0,159.0,3486392,-0.7273225101733579,0.2748360898526926
0117372,The Preacher's Wife,1996,40.0,48.093211,124,5.4,55,4.182641,1363.0,21539.0,Drama,Penny Marshall,21.0,3.0,24.0,0039190,0.6609231332967843,-0.171794939628448
0117477,Ridicule,1996,3.0,2.503829,102,7.4,30,10.879283000000001,1365.0,12709.0,Drama,Patrice Leconte,8.0,0.0,8.0,N,0.4994016271429868,-0.5960855307192878
0115433,101 Dalmatians,1996,54.0,320.689294,103,5.6,722,11.470748,1367.0,11674.0,Adventure|Comedy,Stephen Herek,87.0,12.0,99.0,0211181|0055254,-0.4358607474596841,0.6436430558317541
0099423,Die Hard 2,1990,70.0,240.0310939999,124,6.6,1920,18.785984,1370.0,1573.0,Action|Adventure|Thriller,Renny Harlin,214.0,14.0,228.0,0112864|0337978|1606378|0095016,0.4160257226573418,-0.1359814284822717
0079945,Star Trek: The Motion Picture,1979,35.0,139.0,132,6.2,541,8.277764999999999,1371.0,152.0,Adventure|Sci-Fi,Robert Wise,294.0,5.0,299.0,0084726|0088170|0092007|0092455|0098382|0102975|0106145|0111280|0112178|0117731|0120844|0244365|0253754|0796366|1408101|2660888|5171438|8806524|9184820|4756228|0060028|0069637,-0.5929650491766333,-0.1373568283189247
0102975,Star Trek VI: The Undiscovered Country,1991,27.0,96.9,113,6.7,421,5.90057,1372.0,174.0,Action|Sci-Fi,Nicholas Meyer,147.0,19.0,166.0,0106145|0111280|0112178|0117731|0120844|0244365|0253754|0796366|1408101|2660888|5171438|8806524|9184820|4756228|0060028|0069637|0079945|0084726|0088170|0092007|0092455|0098382,-0.5929650491766333,-0.1373568283189247
0098382,Star Trek V: The Final Frontier,1989,30.0,70.2,107,5.6,384,12.308007,1373.0,172.0,Action|Sci-Fi,William Shatner,173.0,13.0,186.0,0102975|0106145|0111280|0112178|0117731|0120844|0244365|0253754|0796366|1408101|2660888|5171438|8806524|9184820|4756228|0060028|0069637|0079945|0084726|0088170|0092007|0092455,-0.5929650491766333,-0.1373568283189247
0084726,Star Trek II: The Wrath of Khan,1982,12.0,96.8,113,7.3,688,7.160236,1374.0,154.0,Action|Adventure|Sci-Fi|Thriller,Nicholas Meyer,579.0,9.0,588.0,0088170|0092007|0092455|0098382|0102975|0106145|0111280|0112178|0117731|0120844|0244365|0253754|0796366|1408101|2660888|5171438|8806524|9184820|4756228|1408101|0060028|0069637|0079945,-0.5929650491766333,-0.1373568283189247
0088170,Star Trek III: The Search for Spock,1984,18.0,87.0,105,6.4,443,6.197298,1375.0,157.0,Action|Adventure|Sci-Fi,Leonard Nimoy,182.0,9.0,191.0,0092007|0092455|0098382|0102975|0106145|0111280|0112178|0117731|0120844|0244365|0253754|0796366|1408101|2660888|5171438|8806524|9184820|4756228|0060028|0069637|0079945|0084726,-0.5929650491766333,-0.1373568283189247
0092007,Star Trek IV: The Voyage Home,1986,24.0,133.0,119,6.9,490,12.596956,1376.0,168.0,Adventure|Comedy|Sci-Fi,Leonard Nimoy,201.0,8.0,209.0,0092455|0098382|0102975|0106145|0111280|0112178|0117731|0120844|0244365|0253754|0796366|1408101|2660888|5171438|8806524|9184820|4756228|0060028|0069637|0079945|0084726|0088170,-0.5929650491766333,-0.1373568283189247
0103776,Batman Returns,1992,80.0,280.0,126,6.6,1706,15.001681,1377.0,364.0,Action,Tim Burton,407.0,26.0,433.0,0112462|0118688|0096895,-0.2055060885126963,0.4023098978186173
0096487,Young Guns,1988,13.0,44.726644,107,6.6,262,9.905174,1378.0,11967.0,Action|Comedy|Western,Christopher Cain,44.0,0.0,44.0,0100994,-0.0158516505157677,0.7421892395356492
0077631,Grease,1978,6.0,181.81377,110,7.2,1633,7.8548990000000005,1380.0,621.0,Comedy|Musical,Randal Kleiser,794.0,22.0,816.0,0084021,0.0131188828209677,-0.2012222848672137
0084021,Grease 2,1982,13.2,15.171476,115,4.9,185,14.202364000000001,1381.0,9037.0,Comedy|Musical,Patricia Birch,70.0,1.0,71.0,0077631,0.0131188828209677,-0.2012222848672137
0100114,Marked for Death,1990,12.0,46.0444,94,5.6,100,5.845712000000001,1382.0,10173.0,Action|Drama,Dwight H. Little,25.0,1.0,26.0,N,-0.5108959128682927,0.3338899899835606
0105690,Under Siege,1992,35.0,156.56313899999998,103,6.1,405,9.918269,1385.0,8845.0,Action|Drama|Thriller,Andrew Davis,97.0,3.0,100.0,0114781,0.0149058750233234,-0.7733913331065545
0073195,Jaws,1975,7.0,470.654,124,7.5,2628,19.726114000000003,1387.0,578.0,Action|Horror,Steven Spielberg,2301.0,9.0,2310.0,0077766|0085750|0093300,-0.2666341447652168,0.2548375810468269
0077766,Jaws 2,1978,20.0,187.884007,116,5.9,412,11.21306,1388.0,579.0,Horror|Thriller,Jeannot Szwarc,165.0,4.0,169.0,0085750|0093300|0073195,-0.2666341447652168,0.2548375810468269
0085750,Jaws 3-D,1983,20.5,87.987055,99,4.2,266,16.603041,1389.0,17692.0,Action|Horror,Joe Alves,111.0,4.0,115.0,0093300|0073195|0077766,-0.2666341447652168,0.2548375810468269
0116996,Mars Attacks!,1996,70.0,101.3710169999,106,6.1,1544,15.63424,1391.0,75.0,Action|Comedy|Sci-Fi,Tim Burton,130.0,38.0,168.0,N,-0.3725253830269138,0.6827273928885327
0115906,Citizen Ruth,1996,3.0,0.15315499999999999,104,6.8,27,2.225234,1392.0,13891.0,Comedy|Drama,Alexander Payne,13.0,3.0,16.0,N,0.000652743174834,-0.3728758605212129
0116695,Jerry Maguire,1996,50.0,273.552592,139,6.7,941,11.807601,1393.0,9390.0,Drama,Cameron Crowe,709.0,15.0,724.0,N,0.4892909579798856,0.3570465663364632
0093822,Raising Arizona,1987,6.0,29.18028,94,7.2,548,14.011415,1394.0,378.0,Comedy,Joel Coen,110.0,15.0,125.0,N,-0.1599857209646113,0.295851911498582
0116999,Marvin's Room,1996,23.0,12.803305,98,6.6,130,5.307983999999999,1399.0,9819.0,Drama,Jerry Zaks,14.0,9.0,23.0,N,0.3495893660175607,0.5733717196937007
0117571,Scream,1996,14.0,173.046663,111,7.0,1520,13.326443,1407.0,4232.0,Comedy|Horror|Thriller,Wes Craven,614.0,46.0,660.0,0120082|0134084|1262416|3921180|1124597,0.4388953238978173,-0.5059153279770863
0104691,The Last of the Mohicans,1992,40.0,75.50585600000001,112,7.1,747,15.228794,1408.0,9361.0,Action|Western,Michael Mann,81.0,3.0,84.0,0027869,0.3571880062695365,-0.6897370399156106
0116250,Evita,1996,55.0,141.047179,134,5.9,122,6.709803,1416.0,8818.0,Drama|Musical,Alan Parker,102.0,0.0,102.0,N,-0.5344344245310638,0.2625002249418244
0120390,Turbulence,1997,55.0,11.466088,100,5.2,63,5.304043,1427.0,34314.0,Action|Thriller,Robert Butler,9.0,11.0,20.0,0192701|0251448,-0.7073511636237679,0.2042433785713457
0119664,Metro,1997,55.0,31.987563000000005,117,5.3,136,10.519480999999999,1432.0,8860.0,Action|Comedy|Drama|Thriller,Thomas Carter,9.0,5.0,14.0,N,-0.4374638738700572,-0.0564142898913153
0118928,Dante's Peak,1997,116.0,178.12775999989998,108,5.8,445,7.240753,1438.0,9619.0,Action|Thriller,Roger Donaldson,57.0,3.0,60.0,N,-0.2510439142507216,-0.7351548365901873
0119937,Prefontaine,1997,8.0,0.589304,106,6.7,21,2.93818,1442.0,26306.0,Drama,Steve James,8.0,2.0,10.0,N,0.0433075982393112,0.7337537603404216
0120915,Star Wars: Episode I - The Phantom Menace,1999-05-19,115.0,924.317558,136,6.4,4526,15.649091,2628.0,1893.0,Action|Adventure|Sci-Fi,George Lucas,1290.0,22.0,1312.0,0121765|0121766|2488496|2527336|2527338|3791120|0076759|0080684|0086190|0120915,0.6993579330461813,-0.27927723237231394
0121765,Star Wars: Episode II - Attack of the Clones,2002-05-15,120.0,649.398328,142,6.4,4074,14.072510999999999,5378.0,1894.0,Action|Adventure|Sci-Fi,George Lucas,611.0,69.0,680.0,0121766|2488496|2527336|2527338|0076759|0080684|0086190|0120915|0121765,0.70385956059256,-0.2744793328758958
0121766,Star Wars: Episode III - Revenge of the Sith,2005-05-17,113.0,850.0,140,7.1,4200,13.165420999999998,33493.0,1895.0,Action|Adventure|Sci-Fi,George Lucas,640.0,21.0,661.0,2488496|2527336|2527338|0076759|0080684|0086190|0120915|0121765|0121766,0.70385956059256,-0.2744793328758958
1185834,Star Wars: The Clone Wars,2008-08-05,85.0,68.282844,98,5.8,434,8.524857,61160.0,12180.0,Action|Adventure|Animation|Sci-Fi,Dave Filoni,57.0,8.0,65.0,0458290|2930604|1185834,0.5693258348835665,0.5275445761422594
2488496,Star Wars: The Force Awakens,2015-12-15,245.0,2068.2236239999997,136,7.5,7993,31.626013,122886.0,140607.0,Action|Adventure|Fantasy|Sci-Fi,J.J. Abrams,745.0,23.0,768.0,2527336|2527338|0076759|0080684|0086190|0120915|0121765|0121766|2488496,0.7038595605925598,-0.2744793328758962
3748528,Rogue One: A Star Wars Story,2016-12-14,200.0,1056.0572730000001,133,7.4,5111,36.567575,166528.0,330459.0,Action|Adventure|Fantasy|Sci-Fi,Gareth Edwards,292.0,19.0,311.0,3748528,0.3980584023346739,0.6070998792933895
